--
-- Copyright (C) 2019 Kaleidos Open Source SL
--
-- This file is part of PATIO.
-- PATIO is free software: you can redistribute it and/or modify
-- it under the terms of the GNU General Public License as published by
-- the Free Software Foundation, either version 3 of the License, or
-- (at your option) any later version.
--
-- PATIO is distributed in the hope that it will be useful,
-- but WITHOUT ANY WARRANTY; without even the implied warranty of
-- MERCHANTABILITY or FITNESS FOR A PARTICULAR PURPOSE.  See the
-- GNU General Public License for more details.
--
-- You should have received a copy of the GNU General Public License
-- along with PATIO.  If not, see <https://www.gnu.org/licenses/>
--

-- Votings fo Avengers
INSERT INTO voting (id, group_id, created_at, created_by, expired) VALUES ('ffad4562-4971-11e9-98cd-d663bd873d93', 'dedc6675-ab79-495e-9245-1fc20545eb83', now(), '3465094c-5545-4007-a7bc-da2b1a88d9dc', true);

INSERT INTO voting (id, group_id, voting_stats_id, created_at, created_by, expired) VALUES ('7772e35c-5a87-4ba3-ab93-da8a957037fd', 'dedc6675-ab79-495e-9245-1fc20545eb83', '46107564-361e-46c3-a476-13ebfa3e769e', now() - interval '3 day', '1998c588-d93b-4db6-92e2-a9dbb4cf03b5', true);
INSERT INTO voting_stats (id, voting_id, created_at, average) VALUES ('46107564-361e-46c3-a476-13ebfa3e769e', '7772e35c-5a87-4ba3-ab93-da8a957037fd', now(), 3);
INSERT INTO vote (id, voting_id, created_at, created_by, comment, score) VALUES ('61e5be36-8fc6-4f41-88ae-72ccdc031afb', '7772e35c-5a87-4ba3-ab93-da8a957037fd', now() - interval '3 day', '1998c588-d93b-4db6-92e2-a9dbb4cf03b5', '', 5);
INSERT INTO vote (id, voting_id, created_at, created_by, comment, score) VALUES ('b9a00302-abe2-4559-912e-ef84b602b35c', '7772e35c-5a87-4ba3-ab93-da8a957037fd', now() - interval '3 day', '3465094c-5545-4007-a7bc-da2b1a88d9dc', 'Dolorem dolor sit consectetur porro neque numquam.', 1);
INSERT INTO vote (id, voting_id, created_at, created_by, comment, score) VALUES ('e6460c6c-1e36-44a0-a745-ab5fcac97a47', '7772e35c-5a87-4ba3-ab93-da8a957037fd', now() - interval '3 day', '06259dfb-8610-40e2-b81c-4f4483fad3dd', 'Dolore eius sed numquam ipsum.', 1);
INSERT INTO vote (id, voting_id, created_at, created_by, comment, score) VALUES ('ff20a8fc-c0de-47e2-8728-0a812eab6fc5', '7772e35c-5a87-4ba3-ab93-da8a957037fd', now() - interval '3 day', NULL, 'Non ut quiquia neque quisquam tempora dolor amet.', 5);

INSERT INTO voting (id, group_id, voting_stats_id, created_at, created_by, expired) VALUES ('4f6bd3ff-cada-4fc0-912b-34f5c237d648', 'dedc6675-ab79-495e-9245-1fc20545eb83', 'c5237950-3213-4a97-b4a2-f381ff1e12fd', now() - interval '4 day', '1998c588-d93b-4db6-92e2-a9dbb4cf03b5', true);
INSERT INTO voting_stats (id, voting_id, created_at, average) VALUES ('c5237950-3213-4a97-b4a2-f381ff1e12fd', '4f6bd3ff-cada-4fc0-912b-34f5c237d648', now(), 3);
INSERT INTO vote (id, voting_id, created_at, created_by, comment, score) VALUES ('27c06db3-7948-45cd-b1e3-b03fb883b479', '4f6bd3ff-cada-4fc0-912b-34f5c237d648', now() - interval '4 day', '1998c588-d93b-4db6-92e2-a9dbb4cf03b5', 'Aliquam amet neque etincidunt.', 1);
INSERT INTO vote (id, voting_id, created_at, created_by, comment, score) VALUES ('d2c349e3-f8cb-44c8-81e0-b0fadc88981c', '4f6bd3ff-cada-4fc0-912b-34f5c237d648', now() - interval '4 day', '3465094c-5545-4007-a7bc-da2b1a88d9dc', 'Sit modi numquam modi.', 1);
INSERT INTO vote (id, voting_id, created_at, created_by, comment, score) VALUES ('655df349-4240-4ff4-916a-21077e0059d7', '4f6bd3ff-cada-4fc0-912b-34f5c237d648', now() - interval '4 day', '06259dfb-8610-40e2-b81c-4f4483fad3dd', '', 5);
INSERT INTO vote (id, voting_id, created_at, created_by, comment, score) VALUES ('89084e86-87ad-41dc-9994-33b324aa574d', '4f6bd3ff-cada-4fc0-912b-34f5c237d648', now() - interval '4 day', '9b91a2f5-ff78-451f-be17-3b7360d2fc8b', 'Est magnam ut neque labore neque amet velit.', 5);

INSERT INTO voting (id, group_id, voting_stats_id, created_at, created_by, expired) VALUES ('ca2bfb97-62b4-43ac-97d3-de24b6415f5c', 'dedc6675-ab79-495e-9245-1fc20545eb83', '8bb5be42-f8ae-47b4-9814-0a9cdb3cb220', now() - interval '5 day', '1998c588-d93b-4db6-92e2-a9dbb4cf03b5', true);
INSERT INTO voting_stats (id, voting_id, created_at, average) VALUES ('8bb5be42-f8ae-47b4-9814-0a9cdb3cb220', 'ca2bfb97-62b4-43ac-97d3-de24b6415f5c', now(), 3)
INSERT INTO vote (id, voting_id, created_at, created_by, comment, score) VALUES ('c6d28e58-fffa-40be-b84a-2eb62d0c04e9', 'ca2bfb97-62b4-43ac-97d3-de24b6415f5c', now() - interval '5 day', '1998c588-d93b-4db6-92e2-a9dbb4cf03b5', 'Ut numquam tempora velit sit.', 3);
INSERT INTO vote (id, voting_id, created_at, created_by, comment, score) VALUES ('d246d65c-be84-4140-85e1-9cf495523727', 'ca2bfb97-62b4-43ac-97d3-de24b6415f5c', now() - interval '5 day', '3465094c-5545-4007-a7bc-da2b1a88d9dc', 'Ut sit labore eius.', 3);
INSERT INTO vote (id, voting_id, created_at, created_by, comment, score) VALUES ('0879f6bd-7c50-401c-966e-dfe261016087', 'ca2bfb97-62b4-43ac-97d3-de24b6415f5c', now() - interval '5 day', '06259dfb-8610-40e2-b81c-4f4483fad3dd', '', 2);
INSERT INTO vote (id, voting_id, created_at, created_by, comment, score) VALUES ('1ede3b8c-bc44-4867-a0cd-ac72e4f01002', 'ca2bfb97-62b4-43ac-97d3-de24b6415f5c', now() - interval '5 day', '9b91a2f5-ff78-451f-be17-3b7360d2fc8b', 'Sed voluptatem amet neque dolore tempora.', 4);

INSERT INTO voting (id, group_id, voting_stats_id, created_at, created_by, expired) VALUES ('44787ea4-20f4-41fe-8535-0fb77aeaf55e', 'dedc6675-ab79-495e-9245-1fc20545eb83', '54e716d1-be9c-440a-82c7-94a462ac2727', now() - interval '6 day', '1998c588-d93b-4db6-92e2-a9dbb4cf03b5', true);
INSERT INTO voting_stats (id, voting_id, created_at, average) VALUES ('54e716d1-be9c-440a-82c7-94a462ac2727', '44787ea4-20f4-41fe-8535-0fb77aeaf55e', now(), 2.5);
INSERT INTO vote (id, voting_id, created_at, created_by, comment, score) VALUES ('01e7d78a-06fa-4441-8bd1-57fe25e7ceb5', '44787ea4-20f4-41fe-8535-0fb77aeaf55e', now() - interval '6 day', '1998c588-d93b-4db6-92e2-a9dbb4cf03b5', 'Quaerat modi quiquia modi dolor est numquam quaerat.', 1);
INSERT INTO vote (id, voting_id, created_at, created_by, comment, score) VALUES ('4a0b680a-875c-44b1-ad40-8f042d7bc069', '44787ea4-20f4-41fe-8535-0fb77aeaf55e', now() - interval '6 day', '3465094c-5545-4007-a7bc-da2b1a88d9dc', 'Dolorem aliquam tempora velit modi eius aliquam sit.', 3);
INSERT INTO vote (id, voting_id, created_at, created_by, comment, score) VALUES ('e766038d-5b6c-48cd-8e86-e994891e351c', '44787ea4-20f4-41fe-8535-0fb77aeaf55e', now() - interval '6 day', '06259dfb-8610-40e2-b81c-4f4483fad3dd', 'Aliquam labore aliquam dolor etincidunt neque dolore dolore.', 4);
INSERT INTO vote (id, voting_id, created_at, created_by, comment, score) VALUES ('74f42b7a-c2a7-4463-ae7e-9a6348986a71', '44787ea4-20f4-41fe-8535-0fb77aeaf55e', now() - interval '6 day', NULL, 'Ipsum eius modi dolor consectetur dolorem magnam est.', 2);

INSERT INTO voting (id, group_id, voting_stats_id, created_at, created_by, expired) VALUES ('48712124-cff9-4a19-ba6a-f7bf5593605a', 'dedc6675-ab79-495e-9245-1fc20545eb83', 'e940477d-06ec-41c3-bab5-92b972293d2a', now() - interval '7 day', '1998c588-d93b-4db6-92e2-a9dbb4cf03b5', true);
INSERT INTO voting_stats (id, voting_id, created_at, average) VALUES ('e940477d-06ec-41c3-bab5-92b972293d2a', '48712124-cff9-4a19-ba6a-f7bf5593605a', now(), 2.75);
INSERT INTO vote (id, voting_id, created_at, created_by, comment, score) VALUES ('3dfdfd30-719b-40c0-8a78-16e2928d79a4', '48712124-cff9-4a19-ba6a-f7bf5593605a', now() - interval '7 day', NULL, 'Dolor dolorem aliquam labore.', 3);
INSERT INTO vote (id, voting_id, created_at, created_by, comment, score) VALUES ('b22ef2a6-d2bf-46a9-8990-928138acaeac', '48712124-cff9-4a19-ba6a-f7bf5593605a', now() - interval '7 day', '3465094c-5545-4007-a7bc-da2b1a88d9dc', 'Dolor non dolore dolor numquam sed adipisci sit.', 2);
INSERT INTO vote (id, voting_id, created_at, created_by, comment, score) VALUES ('98b4dd4d-fccd-4cde-aa0d-b2a91247e073', '48712124-cff9-4a19-ba6a-f7bf5593605a', now() - interval '7 day', '06259dfb-8610-40e2-b81c-4f4483fad3dd', 'Neque dolore aliquam eius.', 1);
INSERT INTO vote (id, voting_id, created_at, created_by, comment, score) VALUES ('89852e57-8733-4ad1-81bf-65776334caa9', '48712124-cff9-4a19-ba6a-f7bf5593605a', now() - interval '7 day', '9b91a2f5-ff78-451f-be17-3b7360d2fc8b', 'Dolore velit ut velit porro ut modi.', 5);

INSERT INTO voting (id, group_id, voting_stats_id, created_at, created_by, expired) VALUES ('732e3841-2c8b-4239-83e8-04c245e8bee2', 'dedc6675-ab79-495e-9245-1fc20545eb83', '9de63685-1012-4173-8182-5477caf0cbcf', now() - interval '10 day', '1998c588-d93b-4db6-92e2-a9dbb4cf03b5', true);
INSERT INTO voting_stats (id, voting_id, created_at, average) VALUES ('9de63685-1012-4173-8182-5477caf0cbcf', '732e3841-2c8b-4239-83e8-04c245e8bee2', now(), 3.25);
INSERT INTO vote (id, voting_id, created_at, created_by, comment, score) VALUES ('a58f7114-73ea-4b08-9cf4-cdf63b115aed', '732e3841-2c8b-4239-83e8-04c245e8bee2', now() - interval '10 day', '1998c588-d93b-4db6-92e2-a9dbb4cf03b5', 'Ut aliquam ipsum velit sit ipsum.', 3);
INSERT INTO vote (id, voting_id, created_at, created_by, comment, score) VALUES ('7a11f8a0-28e9-4602-8bf7-e49828728876', '732e3841-2c8b-4239-83e8-04c245e8bee2', now() - interval '10 day', '3465094c-5545-4007-a7bc-da2b1a88d9dc', 'Etincidunt voluptatem ipsum amet numquam.', 5);
INSERT INTO vote (id, voting_id, created_at, created_by, comment, score) VALUES ('2d3589a0-91d9-46d7-ae00-dab9c7da57fc', '732e3841-2c8b-4239-83e8-04c245e8bee2', now() - interval '10 day', '06259dfb-8610-40e2-b81c-4f4483fad3dd', '', 2);
INSERT INTO vote (id, voting_id, created_at, created_by, comment, score) VALUES ('7986c737-577f-4a6c-93c9-df810d6cb1ee', '732e3841-2c8b-4239-83e8-04c245e8bee2', now() - interval '10 day', '9b91a2f5-ff78-451f-be17-3b7360d2fc8b', 'Labore neque adipisci etincidunt amet quiquia ipsum.', 3);

INSERT INTO voting (id, group_id, voting_stats_id, created_at, created_by, expired) VALUES ('bd992fac-ccb5-4d06-9e1a-2adb0b518e76', 'dedc6675-ab79-495e-9245-1fc20545eb83', '292a68ca-b45e-47b0-8c54-cad30c323ad7', now() - interval '11 day', '1998c588-d93b-4db6-92e2-a9dbb4cf03b5', true);
INSERT INTO voting_stats (id, voting_id, created_at, average) VALUES ('292a68ca-b45e-47b0-8c54-cad30c323ad7', 'bd992fac-ccb5-4d06-9e1a-2adb0b518e76', now(), 3.5);
INSERT INTO vote (id, voting_id, created_at, created_by, comment, score) VALUES ('16152aec-442a-4149-aad3-99fc0eb44e29', 'bd992fac-ccb5-4d06-9e1a-2adb0b518e76', now() - interval '11 day', '1998c588-d93b-4db6-92e2-a9dbb4cf03b5', 'Numquam ut quisquam quiquia sed dolore tempora.', 5);
INSERT INTO vote (id, voting_id, created_at, created_by, comment, score) VALUES ('0eb787cc-589a-42e3-98c1-e6c99f6b3c56', 'bd992fac-ccb5-4d06-9e1a-2adb0b518e76', now() - interval '11 day', '3465094c-5545-4007-a7bc-da2b1a88d9dc', 'Dolorem magnam magnam sit.', 3);
INSERT INTO vote (id, voting_id, created_at, created_by, comment, score) VALUES ('0dd8c870-2838-426b-8afc-8be2ce6b90b4', 'bd992fac-ccb5-4d06-9e1a-2adb0b518e76', now() - interval '11 day', '06259dfb-8610-40e2-b81c-4f4483fad3dd', 'Aliquam dolorem velit dolorem aliquam ipsum sed tempora.', 2);
INSERT INTO vote (id, voting_id, created_at, created_by, comment, score) VALUES ('632d90d8-1dd1-4f5e-afc7-222f487d444a', 'bd992fac-ccb5-4d06-9e1a-2adb0b518e76', now() - interval '11 day', '9b91a2f5-ff78-451f-be17-3b7360d2fc8b', '', 4);

INSERT INTO voting (id, group_id, voting_stats_id, created_at, created_by, expired) VALUES ('9f31a69c-0403-4a46-9308-de851183dbf8', 'dedc6675-ab79-495e-9245-1fc20545eb83', '2e667c89-02ce-4bf0-9414-7afc7d59b5c9', now() - interval '12 day', '1998c588-d93b-4db6-92e2-a9dbb4cf03b5', true);
INSERT INTO voting_stats (id, voting_id, created_at, average) VALUES ('2e667c89-02ce-4bf0-9414-7afc7d59b5c9', '9f31a69c-0403-4a46-9308-de851183dbf8', now(), 2);
INSERT INTO vote (id, voting_id, created_at, created_by, comment, score) VALUES ('b9f32a8e-0629-4d41-bf80-09f82822fbe5', '9f31a69c-0403-4a46-9308-de851183dbf8', now() - interval '12 day', '1998c588-d93b-4db6-92e2-a9dbb4cf03b5', 'Dolore quiquia dolorem quisquam.', 1);
INSERT INTO vote (id, voting_id, created_at, created_by, comment, score) VALUES ('52ea6f12-2ebd-482c-b442-1c92170ee04e', '9f31a69c-0403-4a46-9308-de851183dbf8', now() - interval '12 day', '3465094c-5545-4007-a7bc-da2b1a88d9dc', 'Neque ut tempora neque.', 5);
INSERT INTO vote (id, voting_id, created_at, created_by, comment, score) VALUES ('c6d04ae2-fe7d-4a38-88a9-280642137f29', '9f31a69c-0403-4a46-9308-de851183dbf8', now() - interval '12 day', '06259dfb-8610-40e2-b81c-4f4483fad3dd', 'Sed labore porro quisquam numquam.', 1);
INSERT INTO vote (id, voting_id, created_at, created_by, comment, score) VALUES ('da8a2f9b-2d5c-4528-9262-08abe45e0d4d', '9f31a69c-0403-4a46-9308-de851183dbf8', now() - interval '12 day', '9b91a2f5-ff78-451f-be17-3b7360d2fc8b', 'Porro magnam eius ipsum modi quiquia adipisci.', 1);

-- Votings fo Illuminati
INSERT INTO voting (id, group_id, voting_stats_id, created_at, created_by, expired) VALUES ('43b17a19-2d48-476b-967b-1fcaa7bd72a4', 'dedc6675-ab79-495e-9245-1fc20545eb83', '657d5699-7b53-4a39-864a-7b97d04039a8', now(), '1998c588-d93b-4db6-92e2-a9dbb4cf03b5', true);
INSERT INTO voting_stats (id, voting_id, created_at, average) VALUES ('657d5699-7b53-4a39-864a-7b97d04039a8', '43b17a19-2d48-476b-967b-1fcaa7bd72a4', now(), 4);
INSERT INTO vote (id, voting_id, created_at, created_by, comment, score) VALUES ('245b1c3e-25bf-40eb-ad46-0472d64fe427', '43b17a19-2d48-476b-967b-1fcaa7bd72a4', now(), '1998c588-d93b-4db6-92e2-a9dbb4cf03b5', 'Etincidunt quisquam modi sit voluptatem sed labore.', 4);
INSERT INTO vote (id, voting_id, created_at, created_by, comment, score) VALUES ('b525b1d5-e3a5-40e0-a465-606063d66186', '43b17a19-2d48-476b-967b-1fcaa7bd72a4', now(), '3465094c-5545-4007-a7bc-da2b1a88d9dc', 'Aliquam consectetur est ipsum consectetur aliquam etincidunt.', 5);
INSERT INTO vote (id, voting_id, created_at, created_by, comment, score) VALUES ('d241e6a8-9313-4567-9936-a2324a47bfc7', '43b17a19-2d48-476b-967b-1fcaa7bd72a4', now(), '06259dfb-8610-40e2-b81c-4f4483fad3dd', 'Neque consectetur dolore dolore est dolore amet etincidunt.', 2);
INSERT INTO vote (id, voting_id, created_at, created_by, comment, score) VALUES ('7dda00c5-a468-4c88-b01e-116d7b8f6517', '43b17a19-2d48-476b-967b-1fcaa7bd72a4', now(), '9b91a2f5-ff78-451f-be17-3b7360d2fc8b', 'Sit sed quaerat quaerat.', 5);

INSERT INTO voting (id, group_id, voting_stats_id, created_at, created_by, expired) VALUES ('134ab5b3-970b-4308-886c-f926e1e57aa2', 'dedc6675-ab79-495e-9245-1fc20545eb83', '01f96ef4-376f-4f18-82eb-2c2f1fa05e86', now() - interval '1 day', '1998c588-d93b-4db6-92e2-a9dbb4cf03b5', true);
INSERT INTO voting_stats (id, voting_id, created_at, average) VALUES ('01f96ef4-376f-4f18-82eb-2c2f1fa05e86', '134ab5b3-970b-4308-886c-f926e1e57aa2', now(), 2.75);
INSERT INTO vote (id, voting_id, created_at, created_by, comment, score) VALUES ('7dce55ce-d136-454c-be67-4cad72fd2198', '134ab5b3-970b-4308-886c-f926e1e57aa2', now() - interval '1 day', '1998c588-d93b-4db6-92e2-a9dbb4cf03b5', 'Est ipsum eius eius ut amet.', 4);
INSERT INTO vote (id, voting_id, created_at, created_by, comment, score) VALUES ('734992db-a3f8-4ad6-b8bb-ba8fad707f93', '134ab5b3-970b-4308-886c-f926e1e57aa2', now() - interval '1 day', '3465094c-5545-4007-a7bc-da2b1a88d9dc', 'Neque ipsum consectetur consectetur.', 4);
INSERT INTO vote (id, voting_id, created_at, created_by, comment, score) VALUES ('3d0f9d65-6687-4ed7-a196-4002ddd638d9', '134ab5b3-970b-4308-886c-f926e1e57aa2', now() - interval '1 day', '06259dfb-8610-40e2-b81c-4f4483fad3dd', 'Non voluptatem adipisci voluptatem non.', 2);
INSERT INTO vote (id, voting_id, created_at, created_by, comment, score) VALUES ('85fb7fa2-1310-4206-b376-aad8d5910bd4', '134ab5b3-970b-4308-886c-f926e1e57aa2', now() - interval '1 day', '9b91a2f5-ff78-451f-be17-3b7360d2fc8b', '', 1);

INSERT INTO voting (id, group_id, voting_stats_id, created_at, created_by, expired) VALUES ('37bb963a-d3ac-4ec9-a0f2-5b034cfa18fd', 'dedc6675-ab79-495e-9245-1fc20545eb83', '83434950-1c08-4f33-a6fb-4530c495f705', now() - interval '4 day', '1998c588-d93b-4db6-92e2-a9dbb4cf03b5', true);
INSERT INTO voting_stats (id, voting_id, created_at, average) VALUES ('83434950-1c08-4f33-a6fb-4530c495f705', '37bb963a-d3ac-4ec9-a0f2-5b034cfa18fd', now(), 3);
INSERT INTO vote (id, voting_id, created_at, created_by, comment, score) VALUES ('badb9897-394c-44e4-b8ae-e3d75a118b9c', '37bb963a-d3ac-4ec9-a0f2-5b034cfa18fd', now() - interval '4 day', NULL, 'Eius labore velit non.', 4);
INSERT INTO vote (id, voting_id, created_at, created_by, comment, score) VALUES ('2f9b3ffc-c1e4-4d43-8090-5f0490647c7e', '37bb963a-d3ac-4ec9-a0f2-5b034cfa18fd', now() - interval '4 day', '3465094c-5545-4007-a7bc-da2b1a88d9dc', '', 3);
INSERT INTO vote (id, voting_id, created_at, created_by, comment, score) VALUES ('bc20bfdb-6a19-47be-b6d2-ec89f04ca012', '37bb963a-d3ac-4ec9-a0f2-5b034cfa18fd', now() - interval '4 day', '06259dfb-8610-40e2-b81c-4f4483fad3dd', 'Numquam dolore porro neque.', 1);
INSERT INTO vote (id, voting_id, created_at, created_by, comment, score) VALUES ('062a170e-8058-4160-8e8d-c4cd778a8ef1', '37bb963a-d3ac-4ec9-a0f2-5b034cfa18fd', now() - interval '4 day', NULL, 'Dolor adipisci sit sit.', 4);

INSERT INTO voting (id, group_id, voting_stats_id, created_at, created_by, expired) VALUES ('7c224015-c0ee-4007-a459-0d7dab5c507d', 'dedc6675-ab79-495e-9245-1fc20545eb83', '4133c7f6-aacf-4d0d-ad5d-389a4c5c68bf', now() - interval '5 day', '1998c588-d93b-4db6-92e2-a9dbb4cf03b5', true);
INSERT INTO voting_stats (id, voting_id, created_at, average) VALUES ('4133c7f6-aacf-4d0d-ad5d-389a4c5c68bf', '7c224015-c0ee-4007-a459-0d7dab5c507d', now(), 3.25);
INSERT INTO vote (id, voting_id, created_at, created_by, comment, score) VALUES ('578aa410-170f-4de7-ad98-f26e2c20f2cd', '7c224015-c0ee-4007-a459-0d7dab5c507d', now() - interval '5 day', NULL, 'Magnam non labore porro modi non ut sit.', 5);
INSERT INTO vote (id, voting_id, created_at, created_by, comment, score) VALUES ('c758a05a-ba5e-467b-af97-c0a643424dc0', '7c224015-c0ee-4007-a459-0d7dab5c507d', now() - interval '5 day', '3465094c-5545-4007-a7bc-da2b1a88d9dc', 'Dolor consectetur ipsum dolore.', 4);
INSERT INTO vote (id, voting_id, created_at, created_by, comment, score) VALUES ('d716b548-aba2-492e-85b8-a6b20d07d56f', '7c224015-c0ee-4007-a459-0d7dab5c507d', now() - interval '5 day', NULL, 'Eius sit etincidunt modi.', 2);
INSERT INTO vote (id, voting_id, created_at, created_by, comment, score) VALUES ('807d4a07-7bbb-4263-afd4-df4907ce6020', '7c224015-c0ee-4007-a459-0d7dab5c507d', now() - interval '5 day', '9b91a2f5-ff78-451f-be17-3b7360d2fc8b', 'Amet modi amet ut ipsum dolore.', 2);

INSERT INTO voting (id, group_id, voting_stats_id, created_at, created_by, expired) VALUES ('c995ced4-2fc9-42bc-a579-d51a346988a9', 'dedc6675-ab79-495e-9245-1fc20545eb83', '51a9d95e-6b2a-4299-b366-d44a8f01da01', now() - interval '6 day', '1998c588-d93b-4db6-92e2-a9dbb4cf03b5', true);
INSERT INTO voting_stats (id, voting_id, created_at, average) VALUES ('51a9d95e-6b2a-4299-b366-d44a8f01da01', 'c995ced4-2fc9-42bc-a579-d51a346988a9', now(), 3);
INSERT INTO vote (id, voting_id, created_at, created_by, comment, score) VALUES ('83b27a89-ca05-401d-a4f3-d773abaf35b7', 'c995ced4-2fc9-42bc-a579-d51a346988a9', now() - interval '6 day', '1998c588-d93b-4db6-92e2-a9dbb4cf03b5', 'Non dolore sed voluptatem.', 1);
INSERT INTO vote (id, voting_id, created_at, created_by, comment, score) VALUES ('51263e06-f680-4c0d-a729-1feaac0e670d', 'c995ced4-2fc9-42bc-a579-d51a346988a9', now() - interval '6 day', NULL, 'Numquam amet neque voluptatem velit velit ut.', 4);
INSERT INTO vote (id, voting_id, created_at, created_by, comment, score) VALUES ('81a00e7d-8ab3-48cb-a183-3e6c71d2920f', 'c995ced4-2fc9-42bc-a579-d51a346988a9', now() - interval '6 day', '06259dfb-8610-40e2-b81c-4f4483fad3dd', '', 4);
INSERT INTO vote (id, voting_id, created_at, created_by, comment, score) VALUES ('66fd2d5f-810b-44be-93a2-220d0515401b', 'c995ced4-2fc9-42bc-a579-d51a346988a9', now() - interval '6 day', '9b91a2f5-ff78-451f-be17-3b7360d2fc8b', 'Neque voluptatem voluptatem non neque voluptatem dolorem dolor.', 3);

INSERT INTO voting (id, group_id, voting_stats_id, created_at, created_by, expired) VALUES ('12f23a08-4666-4e14-9409-5835b66d00f7', 'dedc6675-ab79-495e-9245-1fc20545eb83', '0edfa4a8-8cae-41c2-bfe1-fdbae87ec699', now() - interval '7 day', '1998c588-d93b-4db6-92e2-a9dbb4cf03b5', true);
INSERT INTO voting_stats (id, voting_id, created_at, average) VALUES ('0edfa4a8-8cae-41c2-bfe1-fdbae87ec699', '12f23a08-4666-4e14-9409-5835b66d00f7', now(), 3);
INSERT INTO vote (id, voting_id, created_at, created_by, comment, score) VALUES ('0f81a768-25da-45c2-9c74-7baafdafeada', '12f23a08-4666-4e14-9409-5835b66d00f7', now() - interval '7 day', '1998c588-d93b-4db6-92e2-a9dbb4cf03b5', '', 1);
INSERT INTO vote (id, voting_id, created_at, created_by, comment, score) VALUES ('09b8aadc-f6d1-4991-8054-ec1589b5d527', '12f23a08-4666-4e14-9409-5835b66d00f7', now() - interval '7 day', NULL, 'Sed est neque amet adipisci numquam adipisci modi.', 5);
INSERT INTO vote (id, voting_id, created_at, created_by, comment, score) VALUES ('89ec3f69-eaa9-4e1b-8c3e-644b200205e3', '12f23a08-4666-4e14-9409-5835b66d00f7', now() - interval '7 day', '06259dfb-8610-40e2-b81c-4f4483fad3dd', 'Consectetur est numquam labore eius adipisci sit.', 5);
INSERT INTO vote (id, voting_id, created_at, created_by, comment, score) VALUES ('112fac0a-f7e3-4b2b-bdd4-7a03365d9323', '12f23a08-4666-4e14-9409-5835b66d00f7', now() - interval '7 day', '9b91a2f5-ff78-451f-be17-3b7360d2fc8b', 'Adipisci est ut est quiquia dolor numquam.', 1);

INSERT INTO voting (id, group_id, voting_stats_id, created_at, created_by, expired) VALUES ('a2ef1110-714e-42a0-a8e7-8b618b5cab88', 'dedc6675-ab79-495e-9245-1fc20545eb83', '9d1aa292-2287-4a9a-8c05-8320302c4b62', now() - interval '8 day', '1998c588-d93b-4db6-92e2-a9dbb4cf03b5', true);
INSERT INTO voting_stats (id, voting_id, created_at, average) VALUES ('9d1aa292-2287-4a9a-8c05-8320302c4b62', 'a2ef1110-714e-42a0-a8e7-8b618b5cab88', now(), 3.5);
INSERT INTO vote (id, voting_id, created_at, created_by, comment, score) VALUES ('49b14b7c-c032-4091-aebf-dd62c2a91148', 'a2ef1110-714e-42a0-a8e7-8b618b5cab88', now() - interval '8 day', '1998c588-d93b-4db6-92e2-a9dbb4cf03b5', 'Dolore neque porro labore est.', 5);
INSERT INTO vote (id, voting_id, created_at, created_by, comment, score) VALUES ('c4839656-d40e-429f-b181-fb072e9534b8', 'a2ef1110-714e-42a0-a8e7-8b618b5cab88', now() - interval '8 day', '3465094c-5545-4007-a7bc-da2b1a88d9dc', 'Ipsum dolor quiquia ut non quiquia.', 1);
INSERT INTO vote (id, voting_id, created_at, created_by, comment, score) VALUES ('9ad87fcc-4353-4d9e-9091-bc753fdf7305', 'a2ef1110-714e-42a0-a8e7-8b618b5cab88', now() - interval '8 day', '06259dfb-8610-40e2-b81c-4f4483fad3dd', 'Labore eius eius etincidunt.', 3);
INSERT INTO vote (id, voting_id, created_at, created_by, comment, score) VALUES ('9c0c80cb-0004-441a-a06f-d99b0cf4bbba', 'a2ef1110-714e-42a0-a8e7-8b618b5cab88', now() - interval '8 day', '9b91a2f5-ff78-451f-be17-3b7360d2fc8b', 'Ut modi dolore adipisci magnam dolorem.', 5);

INSERT INTO voting (id, group_id, voting_stats_id, created_at, created_by, expired) VALUES ('3bdd35be-759d-41c2-87fc-a35275490de1', 'dedc6675-ab79-495e-9245-1fc20545eb83', '02cf9234-ba1c-4808-83b4-0c8a7063c6ae', now() - interval '11 day', '1998c588-d93b-4db6-92e2-a9dbb4cf03b5', true);
INSERT INTO voting_stats (id, voting_id, created_at, average) VALUES ('02cf9234-ba1c-4808-83b4-0c8a7063c6ae', '3bdd35be-759d-41c2-87fc-a35275490de1', now(), 2.50);
INSERT INTO vote (id, voting_id, created_at, created_by, comment, score) VALUES ('8bd3e029-85ac-4fae-81b5-f30ac97e78c3', '3bdd35be-759d-41c2-87fc-a35275490de1', now() - interval '11 day', '1998c588-d93b-4db6-92e2-a9dbb4cf03b5', 'Est non magnam non etincidunt numquam tempora.', 3);
INSERT INTO vote (id, voting_id, created_at, created_by, comment, score) VALUES ('54fbe144-4399-45ee-92d2-9e3afa6135c7', '3bdd35be-759d-41c2-87fc-a35275490de1', now() - interval '11 day', NULL, 'Quiquia labore ut magnam dolore dolore quaerat velit.', 1);
INSERT INTO vote (id, voting_id, created_at, created_by, comment, score) VALUES ('055b3958-1a65-48b2-a24a-cd3fcbc8f277', '3bdd35be-759d-41c2-87fc-a35275490de1', now() - interval '11 day', NULL, '', 1);
INSERT INTO vote (id, voting_id, created_at, created_by, comment, score) VALUES ('d6ccdecd-670b-4716-8317-3c3c6a56fa21', '3bdd35be-759d-41c2-87fc-a35275490de1', now() - interval '11 day', '9b91a2f5-ff78-451f-be17-3b7360d2fc8b', 'Numquam quaerat quaerat quaerat tempora quiquia voluptatem eius.', 5);

INSERT INTO voting (id, group_id, voting_stats_id, created_at, created_by, expired) VALUES ('896412b7-f82e-4a1a-a2e5-87adca66e3f9', 'd5847624-4b50-4d4a-abd3-ed9209a5448b', 'd232d696-6172-4595-8e9c-8d454158ac1a', now(), 'd0183ab5-58d9-4e5e-873a-840d6b18f38c', true);
INSERT INTO voting_stats (id, voting_id, created_at, average) VALUES ('d232d696-6172-4595-8e9c-8d454158ac1a', '896412b7-f82e-4a1a-a2e5-87adca66e3f9', now(), 3);
INSERT INTO vote (id, voting_id, created_at, created_by, comment, score) VALUES ('31db59c6-6ace-4c86-a757-39dc7a307200', '896412b7-f82e-4a1a-a2e5-87adca66e3f9', now(), NULL, 'Modi dolore magnam quisquam dolor dolor numquam.', 1);
INSERT INTO vote (id, voting_id, created_at, created_by, comment, score) VALUES ('887a53e3-9e89-458e-831f-c979e975ffba', '896412b7-f82e-4a1a-a2e5-87adca66e3f9', now(), '3465094c-5545-4007-a7bc-da2b1a88d9dc', 'Aliquam numquam non modi magnam tempora dolorem.', 4);
INSERT INTO vote (id, voting_id, created_at, created_by, comment, score) VALUES ('1644dc31-a9dc-4fa7-8cbd-66919b67fb9f', '896412b7-f82e-4a1a-a2e5-87adca66e3f9', now(), NULL, 'Dolor etincidunt velit ut sit eius numquam.', 4);
INSERT INTO vote (id, voting_id, created_at, created_by, comment, score) VALUES ('3b767185-cf12-4373-86b5-6f3e2b160fb4', '896412b7-f82e-4a1a-a2e5-87adca66e3f9', now(), 'c87f5c9d-0b8c-4673-80bb-600e8c61e33c', 'Consectetur eius velit eius consectetur neque dolor.', 2);
INSERT INTO vote (id, voting_id, created_at, created_by, comment, score) VALUES ('1946cc4e-c73e-4b2a-9bc6-e935bf8ee89f', '896412b7-f82e-4a1a-a2e5-87adca66e3f9', now(), 'e5d0d6c1-1691-4a61-9ccd-99f9c35ab8fb', E'Marked - Markdown Parser\n========================\n\n[Marked] lets you convert [Markdown] into HTML.  Markdown is ~~not~~ a _simple text format_ whose goal is to be very easy to read and write, even when not converted to HTML.  This demo page will let you type anything you like and see how it gets converted.  Live.  No more waiting around.\n\nHow To Use The Demo\n-------------------\n\n1. Type in stuff **on the left**.\n2. See the live updates on the right.\n\nThat\'s it.  Pretty simple.  There\'s also a drop-down option in the upper right to switch between various views:\n\n- **Preview:**  A live display of the generated HTML as it would render in a browser.\n- **HTML Source:**  The generated HTML before your browser makes it pretty.\n- **Lexer Data:**  What [marked] uses internally, in case you like gory stuff like this.\n- **Quick Reference:**  A brief run-down of how to format things using markdown.\n\nWhy Markdown?\n-------------\n\nIt\'s easy.  It\'s not overly bloated, unlike HTML.  Also, as the creator of [markdown] says,\n\n> The overriding design goal for Markdown\'s\n> formatting syntax is to make it as readable\n> as possible. The idea is that a\n> Markdown-formatted document should be\n> publishable as-is, as plain text, without\n> looking like it\'s been marked up with tags\n> or formatting instructions.\n\nReady to start writing?  Either start changing stuff on the left or\n[clear everything](/demo/?text=) with a simple click.\n\n[Marked]: https://github.com/markedjs/marked/\n[Markdown]: http://daringfireball.net/projects/markdown/\n\n1.  List item one.\n\n    List item one continued with a second paragraph followed by an\n    Indented block.\n\n        $ ls *.sh\n        $ mv *.sh ~/tmp\n\n    List item continued with a third paragraph.\n\n2.  List item two continued with an open block.\n\n    This paragraph is part of the preceding list item.\n\n    1. This list is nested and does not require explicit item continuation.\n\n       This paragraph is part of the preceding list item.\n\n    2. List item b.\n\n    This paragraph belongs to item two of the outer list.\n\n```ruby\ndef foo(x)\n  return 3\nend\n```\n\n\n| Left-aligned | Center-aligned | Right-aligned |\n| :---         |     :---:      |          ---: |\n| git status   | git status     | git status    |\n| git diff     | git diff       | git diff      |\n\n    \nEnriched Blockquote\n\n> # Foo\n> bar\n> baz\n\n- [x] foo\n  - [ ] bar\n  - [x] baz\n- [ ] bim\n\n![](https://media.giphy.com/media/o9ncKTCVc5FwA/giphy.gif)\n\n![](https://media.giphy.com/media/1xOeYi2hqOs7C1FzuN/giphy.gif)', 2);
INSERT INTO vote (id, voting_id, created_at, created_by, comment, score) VALUES ('d301ac48-2844-4674-af0a-341fc018db0a', '896412b7-f82e-4a1a-a2e5-87adca66e3f9', now(), '28f4ead5-0c4f-4f92-bcba-659ce89a61bd', 'Ut est est labore.', 5);

INSERT INTO voting (id, group_id, voting_stats_id, created_at, created_by, expired) VALUES ('6e65bbfc-c1ac-4555-ae87-8ef64dd492c3', 'd5847624-4b50-4d4a-abd3-ed9209a5448b', '70d5521e-0f51-46d8-a123-b5d57177f07e', now() - interval '1 day', 'd0183ab5-58d9-4e5e-873a-840d6b18f38c', true);
INSERT INTO voting_stats (id, voting_id, created_at, average) VALUES ('70d5521e-0f51-46d8-a123-b5d57177f07e', '6e65bbfc-c1ac-4555-ae87-8ef64dd492c3', now(), 3.5);
INSERT INTO vote (id, voting_id, created_at, created_by, comment, score) VALUES ('db609714-fc15-4bec-b4f1-2cb6c24271df', '6e65bbfc-c1ac-4555-ae87-8ef64dd492c3', now() - interval '1 day', 'd0183ab5-58d9-4e5e-873a-840d6b18f38c', 'Neque modi quaerat dolorem etincidunt tempora.', 2);
INSERT INTO vote (id, voting_id, created_at, created_by, comment, score) VALUES ('c8f6aeb9-9a9c-4138-9e1f-94295639a183', '6e65bbfc-c1ac-4555-ae87-8ef64dd492c3', now() - interval '1 day', '3465094c-5545-4007-a7bc-da2b1a88d9dc', 'Labore neque consectetur quiquia sed magnam.', 1);
INSERT INTO vote (id, voting_id, created_at, created_by, comment, score) VALUES ('06615221-2245-4b53-a469-443dd9382dcd', '6e65bbfc-c1ac-4555-ae87-8ef64dd492c3', now() - interval '1 day', 'a071fa9d-d19f-493b-bb7e-e77aac0eb917', 'Dolor aliquam consectetur quaerat porro quiquia dolorem aliquam.', 5);
INSERT INTO vote (id, voting_id, created_at, created_by, comment, score) VALUES ('b9af4912-8a30-49fc-8e3f-421ade9e6ffc', '6e65bbfc-c1ac-4555-ae87-8ef64dd492c3', now() - interval '1 day', NULL, '', 3);
INSERT INTO vote (id, voting_id, created_at, created_by, comment, score) VALUES ('ad2951e4-4e91-4837-bed6-3514761ef3e2', '6e65bbfc-c1ac-4555-ae87-8ef64dd492c3', now() - interval '1 day', NULL, '', 5);
INSERT INTO vote (id, voting_id, created_at, created_by, comment, score) VALUES ('ce492387-a5be-43e4-84c3-c7ec78221ffc', '6e65bbfc-c1ac-4555-ae87-8ef64dd492c3', now() - interval '1 day', '28f4ead5-0c4f-4f92-bcba-659ce89a61bd', 'Non ut sed labore est adipisci sed.', 5);

INSERT INTO voting (id, group_id, voting_stats_id, created_at, created_by, expired) VALUES ('5901b44a-0eb8-475f-96f4-50e7e2513761', 'd5847624-4b50-4d4a-abd3-ed9209a5448b', '212fb7e8-4ce1-4243-ac48-d0de7c4200e5', now() - interval '4 day', 'd0183ab5-58d9-4e5e-873a-840d6b18f38c', true);
INSERT INTO voting_stats (id, voting_id, created_at, average) VALUES ('212fb7e8-4ce1-4243-ac48-d0de7c4200e5', '5901b44a-0eb8-475f-96f4-50e7e2513761', now(), 3.66);
INSERT INTO vote (id, voting_id, created_at, created_by, comment, score) VALUES ('618e8015-2569-4cca-9a95-8e0ca9ce089e', '5901b44a-0eb8-475f-96f4-50e7e2513761', now() - interval '4 day', 'd0183ab5-58d9-4e5e-873a-840d6b18f38c', '', 3);
INSERT INTO vote (id, voting_id, created_at, created_by, comment, score) VALUES ('d724ddd2-1f9c-4585-821f-9db2727085d8', '5901b44a-0eb8-475f-96f4-50e7e2513761', now() - interval '4 day', NULL, 'Ut modi quiquia sed porro.', 4);
INSERT INTO vote (id, voting_id, created_at, created_by, comment, score) VALUES ('2bd01afd-df23-4ee2-834c-4279322ca85f', '5901b44a-0eb8-475f-96f4-50e7e2513761', now() - interval '4 day', 'a071fa9d-d19f-493b-bb7e-e77aac0eb917', 'Amet ut labore voluptatem non.', 4);
INSERT INTO vote (id, voting_id, created_at, created_by, comment, score) VALUES ('3bee8910-9b5a-4456-a813-2812e22982d2', '5901b44a-0eb8-475f-96f4-50e7e2513761', now() - interval '4 day', 'c87f5c9d-0b8c-4673-80bb-600e8c61e33c', 'Labore sit magnam eius tempora quisquam.', 4);
INSERT INTO vote (id, voting_id, created_at, created_by, comment, score) VALUES ('563afeef-eefc-4b71-9f8a-1ed6484fcf79', '5901b44a-0eb8-475f-96f4-50e7e2513761', now() - interval '4 day', NULL, '', 5);
INSERT INTO vote (id, voting_id, created_at, created_by, comment, score) VALUES ('b40ca9aa-767f-46dc-9375-4e01fa874dd6', '5901b44a-0eb8-475f-96f4-50e7e2513761', now() - interval '4 day', NULL, 'Labore neque quiquia non.', 2);

INSERT INTO voting (id, group_id, voting_stats_id, created_at, created_by, expired) VALUES ('08dfdb58-4e40-45da-82d3-17600b4fe99e', 'd5847624-4b50-4d4a-abd3-ed9209a5448b', '52dd188f-640e-497e-bea5-d9db4fcbf514', now() - interval '5 day', 'd0183ab5-58d9-4e5e-873a-840d6b18f38c', true);
INSERT INTO voting_stats (id, voting_id, created_at, average) VALUES ('52dd188f-640e-497e-bea5-d9db4fcbf514', '08dfdb58-4e40-45da-82d3-17600b4fe99e', now(), 3.5);
INSERT INTO vote (id, voting_id, created_at, created_by, comment, score) VALUES ('15eff9b0-ec38-4779-abb7-e4d2707e6107', '08dfdb58-4e40-45da-82d3-17600b4fe99e', now() - interval '5 day', 'd0183ab5-58d9-4e5e-873a-840d6b18f38c', 'Non modi porro etincidunt sit.', 4);
INSERT INTO vote (id, voting_id, created_at, created_by, comment, score) VALUES ('f51cc489-0b73-44c2-958d-2d52d6541c7a', '08dfdb58-4e40-45da-82d3-17600b4fe99e', now() - interval '5 day', '3465094c-5545-4007-a7bc-da2b1a88d9dc', '', 5);
INSERT INTO vote (id, voting_id, created_at, created_by, comment, score) VALUES ('067f1f0f-7e00-4a93-b9bf-716e0ff1cd87', '08dfdb58-4e40-45da-82d3-17600b4fe99e', now() - interval '5 day', NULL, 'Quisquam est quisquam quisquam quaerat tempora.', 3);
INSERT INTO vote (id, voting_id, created_at, created_by, comment, score) VALUES ('031e3749-f070-4191-a711-91041050ff70', '08dfdb58-4e40-45da-82d3-17600b4fe99e', now() - interval '5 day', 'c87f5c9d-0b8c-4673-80bb-600e8c61e33c', '', 2);
INSERT INTO vote (id, voting_id, created_at, created_by, comment, score) VALUES ('2f18bff4-3711-4ee1-8ff3-0656fff6a3b5', '08dfdb58-4e40-45da-82d3-17600b4fe99e', now() - interval '5 day', 'e5d0d6c1-1691-4a61-9ccd-99f9c35ab8fb', 'Est non sed eius non adipisci.', 4);
INSERT INTO vote (id, voting_id, created_at, created_by, comment, score) VALUES ('12aa988c-ed88-4649-bd2e-51d59e8105fc', '08dfdb58-4e40-45da-82d3-17600b4fe99e', now() - interval '5 day', '28f4ead5-0c4f-4f92-bcba-659ce89a61bd', 'Aliquam numquam magnam voluptatem eius.', 3);

INSERT INTO voting (id, group_id, voting_stats_id, created_at, created_by, expired) VALUES ('0a9b4d1b-c851-4a2b-bb91-095d1df962ea', 'd5847624-4b50-4d4a-abd3-ed9209a5448b', '307482a3-0343-4148-b796-0446b88a21ba', now() - interval '6 day', 'd0183ab5-58d9-4e5e-873a-840d6b18f38c', true);
INSERT INTO voting_stats (id, voting_id, created_at, average) VALUES ('307482a3-0343-4148-b796-0446b88a21ba', '0a9b4d1b-c851-4a2b-bb91-095d1df962ea', now(), 3.33);
INSERT INTO vote (id, voting_id, created_at, created_by, comment, score) VALUES ('bfd5d18c-51e9-4115-831e-5a45f0a62c08', '0a9b4d1b-c851-4a2b-bb91-095d1df962ea', now() - interval '6 day', 'd0183ab5-58d9-4e5e-873a-840d6b18f38c', '', 5);
INSERT INTO vote (id, voting_id, created_at, created_by, comment, score) VALUES ('575ca81a-cac5-48e4-beb3-cd9d20004671', '0a9b4d1b-c851-4a2b-bb91-095d1df962ea', now() - interval '6 day', '3465094c-5545-4007-a7bc-da2b1a88d9dc', '', 4);
INSERT INTO vote (id, voting_id, created_at, created_by, comment, score) VALUES ('fa244520-3096-499b-a8f6-08d08ad51357', '0a9b4d1b-c851-4a2b-bb91-095d1df962ea', now() - interval '6 day', 'a071fa9d-d19f-493b-bb7e-e77aac0eb917', 'Porro dolore consectetur adipisci.', 2);
INSERT INTO vote (id, voting_id, created_at, created_by, comment, score) VALUES ('faab2d76-9ab8-4551-b7c6-6bd4d4a12ddf', '0a9b4d1b-c851-4a2b-bb91-095d1df962ea', now() - interval '6 day', 'c87f5c9d-0b8c-4673-80bb-600e8c61e33c', 'Amet dolor porro ut sed amet dolorem dolorem.', 1);
INSERT INTO vote (id, voting_id, created_at, created_by, comment, score) VALUES ('ea070892-96c2-446c-9c3e-db5c83e72dac', '0a9b4d1b-c851-4a2b-bb91-095d1df962ea', now() - interval '6 day', 'e5d0d6c1-1691-4a61-9ccd-99f9c35ab8fb', '', 4);
INSERT INTO vote (id, voting_id, created_at, created_by, comment, score) VALUES ('171993d7-c226-44ec-8a97-eede836456ad', '0a9b4d1b-c851-4a2b-bb91-095d1df962ea', now() - interval '6 day', NULL, 'Magnam voluptatem ut amet porro modi etincidunt.', 4);

INSERT INTO voting (id, group_id, voting_stats_id, created_at, created_by, expired) VALUES ('e5c5889b-d0bd-49dd-8367-870440efc44d', 'd5847624-4b50-4d4a-abd3-ed9209a5448b', 'fad0b16c-979f-41ea-b89b-374075b6de19', now() - interval '7 day', 'd0183ab5-58d9-4e5e-873a-840d6b18f38c', true);
INSERT INTO voting_stats (id, voting_id, created_at, average) VALUES ('fad0b16c-979f-41ea-b89b-374075b6de19', 'e5c5889b-d0bd-49dd-8367-870440efc44d', now(), 2.33);
INSERT INTO vote (id, voting_id, created_at, created_by, comment, score) VALUES ('54d99182-b1c1-484e-af5d-684a1b1f6659', 'e5c5889b-d0bd-49dd-8367-870440efc44d', now() - interval '7 day', NULL, 'Quaerat eius neque sit non labore est labore.', 2);
INSERT INTO vote (id, voting_id, created_at, created_by, comment, score) VALUES ('98cb19ca-f15d-4ad8-aa9e-70b481c8caf6', 'e5c5889b-d0bd-49dd-8367-870440efc44d', now() - interval '7 day', '3465094c-5545-4007-a7bc-da2b1a88d9dc', '', 4);
INSERT INTO vote (id, voting_id, created_at, created_by, comment, score) VALUES ('31233c3c-c967-4fc9-bcf7-589d48e32c1b', 'e5c5889b-d0bd-49dd-8367-870440efc44d', now() - interval '7 day', 'a071fa9d-d19f-493b-bb7e-e77aac0eb917', '', 3);
INSERT INTO vote (id, voting_id, created_at, created_by, comment, score) VALUES ('4c6d734c-2696-48da-a8e1-ac5f5b251c59', 'e5c5889b-d0bd-49dd-8367-870440efc44d', now() - interval '7 day', 'c87f5c9d-0b8c-4673-80bb-600e8c61e33c', 'Quaerat voluptatem modi sed etincidunt.', 1);
INSERT INTO vote (id, voting_id, created_at, created_by, comment, score) VALUES ('8050bbc9-65ce-483b-88a5-8d0af7a46f94', 'e5c5889b-d0bd-49dd-8367-870440efc44d', now() - interval '7 day', 'e5d0d6c1-1691-4a61-9ccd-99f9c35ab8fb', 'Velit eius amet adipisci eius.', 2);
INSERT INTO vote (id, voting_id, created_at, created_by, comment, score) VALUES ('db2bf53a-b848-4cad-b211-895070deb969', 'e5c5889b-d0bd-49dd-8367-870440efc44d', now() - interval '7 day', '28f4ead5-0c4f-4f92-bcba-659ce89a61bd', 'Eius sed dolore sed consectetur adipisci modi.', 2);

INSERT INTO voting (id, group_id, voting_stats_id, created_at, created_by, expired) VALUES ('5ac0596e-a745-4b93-a96b-53236e2171f6', 'd5847624-4b50-4d4a-abd3-ed9209a5448b', '8cee5abd-9f39-4e73-85e7-43ed1287ef6d', now() - interval '8 day', 'd0183ab5-58d9-4e5e-873a-840d6b18f38c', true);
INSERT INTO voting_stats (id, voting_id, created_at, average) VALUES ('8cee5abd-9f39-4e73-85e7-43ed1287ef6d', '5ac0596e-a745-4b93-a96b-53236e2171f6', now(), 3.5);
INSERT INTO vote (id, voting_id, created_at, created_by, comment, score) VALUES ('9af089a4-342e-4a0e-ac9d-2fab652c3500', '5ac0596e-a745-4b93-a96b-53236e2171f6', now() - interval '8 day', 'd0183ab5-58d9-4e5e-873a-840d6b18f38c', 'Aliquam numquam quisquam est non voluptatem numquam sit.', 4);
INSERT INTO vote (id, voting_id, created_at, created_by, comment, score) VALUES ('f8a9e0d1-d2a0-4082-bf9d-7c02ee9c0e2a', '5ac0596e-a745-4b93-a96b-53236e2171f6', now() - interval '8 day', '3465094c-5545-4007-a7bc-da2b1a88d9dc', 'Quaerat dolor quisquam sed.', 4);
INSERT INTO vote (id, voting_id, created_at, created_by, comment, score) VALUES ('ab429eda-c30e-4587-89e3-26c6a0a15846', '5ac0596e-a745-4b93-a96b-53236e2171f6', now() - interval '8 day', 'a071fa9d-d19f-493b-bb7e-e77aac0eb917', 'Dolor adipisci numquam dolor neque quiquia quiquia.', 4);
INSERT INTO vote (id, voting_id, created_at, created_by, comment, score) VALUES ('df4044c4-89d7-4f11-800a-cd84a7a6ac9a', '5ac0596e-a745-4b93-a96b-53236e2171f6', now() - interval '8 day', 'c87f5c9d-0b8c-4673-80bb-600e8c61e33c', 'Amet porro eius aliquam.', 4);
INSERT INTO vote (id, voting_id, created_at, created_by, comment, score) VALUES ('a85ebea1-c685-40ac-8149-ac106ab415f8', '5ac0596e-a745-4b93-a96b-53236e2171f6', now() - interval '8 day', 'e5d0d6c1-1691-4a61-9ccd-99f9c35ab8fb', 'Non dolorem tempora dolor.', 1);
INSERT INTO vote (id, voting_id, created_at, created_by, comment, score) VALUES ('1f2627b9-d018-4031-add8-f2cdee55ec31', '5ac0596e-a745-4b93-a96b-53236e2171f6', now() - interval '8 day', '28f4ead5-0c4f-4f92-bcba-659ce89a61bd', 'Porro quisquam numquam neque quaerat est eius.', 4);

INSERT INTO voting (id, group_id, voting_stats_id, created_at, created_by, expired) VALUES ('702f7edb-8c56-427a-9244-86b3dbca67e8', 'd5847624-4b50-4d4a-abd3-ed9209a5448b', 'e3ea72b8-d434-4b03-a5e2-ea78823f21db', now() - interval '11 day', 'd0183ab5-58d9-4e5e-873a-840d6b18f38c', true);
INSERT INTO voting_stats (id, voting_id, created_at, average) VALUES ('e3ea72b8-d434-4b03-a5e2-ea78823f21db', '702f7edb-8c56-427a-9244-86b3dbca67e8', now(), 3.83);
INSERT INTO vote (id, voting_id, created_at, created_by, comment, score) VALUES ('582ae1dd-98d5-4a71-ac5f-a6cb34c31bc5', '702f7edb-8c56-427a-9244-86b3dbca67e8', now() - interval '11 day', NULL, 'Velit neque labore dolor ipsum.', 5);
INSERT INTO vote (id, voting_id, created_at, created_by, comment, score) VALUES ('a65684d5-1ce2-4d8c-aa38-2d5b381bdaf3', '702f7edb-8c56-427a-9244-86b3dbca67e8', now() - interval '11 day', '3465094c-5545-4007-a7bc-da2b1a88d9dc', 'Sit modi non etincidunt eius sit.', 4);
INSERT INTO vote (id, voting_id, created_at, created_by, comment, score) VALUES ('f93ba196-19b2-4255-a532-749ba227d050', '702f7edb-8c56-427a-9244-86b3dbca67e8', now() - interval '11 day', 'a071fa9d-d19f-493b-bb7e-e77aac0eb917', '', 4);
INSERT INTO vote (id, voting_id, created_at, created_by, comment, score) VALUES ('a992696f-b227-423b-aee1-d0d529ebb80f', '702f7edb-8c56-427a-9244-86b3dbca67e8', now() - interval '11 day', NULL, 'Non adipisci amet amet.', 5);
INSERT INTO vote (id, voting_id, created_at, created_by, comment, score) VALUES ('185d1960-7341-4316-a8fe-1ae99fd4cfe5', '702f7edb-8c56-427a-9244-86b3dbca67e8', now() - interval '11 day', 'e5d0d6c1-1691-4a61-9ccd-99f9c35ab8fb', 'Modi quiquia quisquam quaerat porro velit eius.', 1);
INSERT INTO vote (id, voting_id, created_at, created_by, comment, score) VALUES ('c3fa6a40-1f18-43e3-b611-1a06f7565c06', '702f7edb-8c56-427a-9244-86b3dbca67e8', now() - interval '11 day', '28f4ead5-0c4f-4f92-bcba-659ce89a61bd', 'Aliquam sed modi quaerat dolorem porro tempora numquam.', 4);

INSERT INTO voting (id, group_id, voting_stats_id, created_at, created_by, expired) VALUES ('3a7bc1fc-3a7d-4671-86e9-de1318d20332', 'd5847624-4b50-4d4a-abd3-ed9209a5448b', '4102d8a5-110f-4e5c-9544-67cd346abe4f', now() - interval '12 day', 'd0183ab5-58d9-4e5e-873a-840d6b18f38c', true);
INSERT INTO voting_stats (id, voting_id, created_at, average) VALUES ('4102d8a5-110f-4e5c-9544-67cd346abe4f', '3a7bc1fc-3a7d-4671-86e9-de1318d20332', now(), 3.33);
INSERT INTO vote (id, voting_id, created_at, created_by, comment, score) VALUES ('798b56c8-8950-44c8-811c-579fa65dcde4', '3a7bc1fc-3a7d-4671-86e9-de1318d20332', now() - interval '12 day', 'd0183ab5-58d9-4e5e-873a-840d6b18f38c', 'Modi amet est quaerat ut non dolorem.', 3);
INSERT INTO vote (id, voting_id, created_at, created_by, comment, score) VALUES ('0e589041-5365-4f9c-8594-e080e8232be6', '3a7bc1fc-3a7d-4671-86e9-de1318d20332', now() - interval '12 day', '3465094c-5545-4007-a7bc-da2b1a88d9dc', 'Tempora amet magnam tempora ut voluptatem labore.', 3);
INSERT INTO vote (id, voting_id, created_at, created_by, comment, score) VALUES ('bda6b4ea-29f6-401b-9f7d-cd770947df5d', '3a7bc1fc-3a7d-4671-86e9-de1318d20332', now() - interval '12 day', 'a071fa9d-d19f-493b-bb7e-e77aac0eb917', 'Magnam ut quiquia dolore consectetur.', 4);
INSERT INTO vote (id, voting_id, created_at, created_by, comment, score) VALUES ('422c6bdd-5400-4747-b5f4-cd442c1d4726', '3a7bc1fc-3a7d-4671-86e9-de1318d20332', now() - interval '12 day', 'c87f5c9d-0b8c-4673-80bb-600e8c61e33c', '', 4);
INSERT INTO vote (id, voting_id, created_at, created_by, comment, score) VALUES ('8c927fcf-d278-4e00-80ec-3493c73d20e3', '3a7bc1fc-3a7d-4671-86e9-de1318d20332', now() - interval '12 day', 'e5d0d6c1-1691-4a61-9ccd-99f9c35ab8fb', '', 4);
INSERT INTO vote (id, voting_id, created_at, created_by, comment, score) VALUES ('4fed5c3d-7a75-49a0-8fb2-030c763fc1a1', '3a7bc1fc-3a7d-4671-86e9-de1318d20332', now() - interval '12 day', '28f4ead5-0c4f-4f92-bcba-659ce89a61bd', '', 2);

INSERT INTO voting (id, group_id, voting_stats_id, created_at, created_by, expired) VALUES ('f8e2fafa-b472-4a86-bef4-fad3696c9c41', 'd5847624-4b50-4d4a-abd3-ed9209a5448b', '66469d76-95ba-4463-8c15-55c9e11da1a5', now() - interval '13 day', 'd0183ab5-58d9-4e5e-873a-840d6b18f38c', true);
INSERT INTO voting_stats (id, voting_id, created_at, average) VALUES ('66469d76-95ba-4463-8c15-55c9e11da1a5', 'f8e2fafa-b472-4a86-bef4-fad3696c9c41', now(), 2.83);
INSERT INTO vote (id, voting_id, created_at, created_by, comment, score) VALUES ('38c576ca-bb91-4b71-b98f-abf6f3fba54d', 'f8e2fafa-b472-4a86-bef4-fad3696c9c41', now() - interval '13 day', 'd0183ab5-58d9-4e5e-873a-840d6b18f38c', '', 3);
INSERT INTO vote (id, voting_id, created_at, created_by, comment, score) VALUES ('547aead2-7612-4cb4-896d-e9238c1f72da', 'f8e2fafa-b472-4a86-bef4-fad3696c9c41', now() - interval '13 day', '3465094c-5545-4007-a7bc-da2b1a88d9dc', 'Neque etincidunt numquam dolore sit labore neque.', 4);
INSERT INTO vote (id, voting_id, created_at, created_by, comment, score) VALUES ('69bbcaa0-2f4d-4077-9f5f-745624fb2975', 'f8e2fafa-b472-4a86-bef4-fad3696c9c41', now() - interval '13 day', 'a071fa9d-d19f-493b-bb7e-e77aac0eb917', 'Non ut quiquia adipisci neque neque quisquam ipsum.', 3);
INSERT INTO vote (id, voting_id, created_at, created_by, comment, score) VALUES ('6292eeac-7ddd-4df8-89fd-6edf911425c8', 'f8e2fafa-b472-4a86-bef4-fad3696c9c41', now() - interval '13 day', 'c87f5c9d-0b8c-4673-80bb-600e8c61e33c', 'Consectetur porro ipsum etincidunt sed adipisci ut.', 3);
INSERT INTO vote (id, voting_id, created_at, created_by, comment, score) VALUES ('0f2ce00b-73ff-4181-bdb7-ee7752da4f3d', 'f8e2fafa-b472-4a86-bef4-fad3696c9c41', now() - interval '13 day', 'e5d0d6c1-1691-4a61-9ccd-99f9c35ab8fb', 'Quisquam ipsum numquam labore numquam quaerat labore.', 2);
INSERT INTO vote (id, voting_id, created_at, created_by, comment, score) VALUES ('82c275a0-8da9-4cda-b786-a9da8bc489af', 'f8e2fafa-b472-4a86-bef4-fad3696c9c41', now() - interval '13 day', '28f4ead5-0c4f-4f92-bcba-659ce89a61bd', 'Modi consectetur sit adipisci ut.', 2);

INSERT INTO voting (id, group_id, voting_stats_id, created_at, created_by, expired) VALUES ('d74c74fe-397a-4570-9701-26fa18bd8931', 'd5847624-4b50-4d4a-abd3-ed9209a5448b', '7a6e5958-8acc-408d-871c-4b6f8feedcac', now() - interval '14 day', 'd0183ab5-58d9-4e5e-873a-840d6b18f38c', true);
INSERT INTO voting_stats (id, voting_id, created_at, average) VALUES ('7a6e5958-8acc-408d-871c-4b6f8feedcac', 'd74c74fe-397a-4570-9701-26fa18bd8931', now(), 3.33);
INSERT INTO vote (id, voting_id, created_at, created_by, comment, score) VALUES ('f0394a44-d9b0-4de3-a1e1-c11f0a2064b1', 'd74c74fe-397a-4570-9701-26fa18bd8931', now() - interval '14 day', 'd0183ab5-58d9-4e5e-873a-840d6b18f38c', 'Aliquam est sed quisquam numquam non ut.', 5);
INSERT INTO vote (id, voting_id, created_at, created_by, comment, score) VALUES ('9fab974a-a805-442a-9788-eeb6fe502795', 'd74c74fe-397a-4570-9701-26fa18bd8931', now() - interval '14 day', '3465094c-5545-4007-a7bc-da2b1a88d9dc', 'Dolor sed eius velit ut ipsum amet.', 1);
INSERT INTO vote (id, voting_id, created_at, created_by, comment, score) VALUES ('88fc7b13-de90-4035-9963-6cc9fe9cde70', 'd74c74fe-397a-4570-9701-26fa18bd8931', now() - interval '14 day', 'a071fa9d-d19f-493b-bb7e-e77aac0eb917', '', 3);
INSERT INTO vote (id, voting_id, created_at, created_by, comment, score) VALUES ('bdca2adb-6a9d-44c4-a332-b79f0a72b190', 'd74c74fe-397a-4570-9701-26fa18bd8931', now() - interval '14 day', 'c87f5c9d-0b8c-4673-80bb-600e8c61e33c', 'Non eius eius numquam.', 4);
INSERT INTO vote (id, voting_id, created_at, created_by, comment, score) VALUES ('8e06db6a-b270-4cc9-a26f-886d38fd6bc3', 'd74c74fe-397a-4570-9701-26fa18bd8931', now() - interval '14 day', NULL, 'Dolor dolore dolor adipisci modi etincidunt dolor etincidunt.', 2);
INSERT INTO vote (id, voting_id, created_at, created_by, comment, score) VALUES ('db193022-67e2-4529-b9a1-f58e878d65bf', 'd74c74fe-397a-4570-9701-26fa18bd8931', now() - interval '14 day', '28f4ead5-0c4f-4f92-bcba-659ce89a61bd', 'Non adipisci ipsum est.', 5);

INSERT INTO voting (id, group_id, voting_stats_id, created_at, created_by, expired) VALUES ('0add5cd3-61f8-4c15-875d-ce788418c79b', 'd5847624-4b50-4d4a-abd3-ed9209a5448b', '2d3ab2ce-2686-4a27-add9-ba941056c755', now() - interval '15 day', 'd0183ab5-58d9-4e5e-873a-840d6b18f38c', true);
INSERT INTO voting_stats (id, voting_id, created_at, average) VALUES ('2d3ab2ce-2686-4a27-add9-ba941056c755', '0add5cd3-61f8-4c15-875d-ce788418c79b', now(), 3.33);
INSERT INTO vote (id, voting_id, created_at, created_by, comment, score) VALUES ('3239a306-64b1-4711-8ed6-09cde822aa33', '0add5cd3-61f8-4c15-875d-ce788418c79b', now() - interval '15 day', 'd0183ab5-58d9-4e5e-873a-840d6b18f38c', 'Velit velit amet ut dolorem.', 4);
INSERT INTO vote (id, voting_id, created_at, created_by, comment, score) VALUES ('7ff3bcc4-fc7c-479c-919f-85884e770292', '0add5cd3-61f8-4c15-875d-ce788418c79b', now() - interval '15 day', '3465094c-5545-4007-a7bc-da2b1a88d9dc', '', 4);
INSERT INTO vote (id, voting_id, created_at, created_by, comment, score) VALUES ('32905659-6418-48cd-a179-a35782cf22ea', '0add5cd3-61f8-4c15-875d-ce788418c79b', now() - interval '15 day', 'a071fa9d-d19f-493b-bb7e-e77aac0eb917', 'Sit etincidunt neque quaerat voluptatem dolore quisquam.', 1);
INSERT INTO vote (id, voting_id, created_at, created_by, comment, score) VALUES ('4cfecca3-2bd2-4805-abbf-2cd5ba090d78', '0add5cd3-61f8-4c15-875d-ce788418c79b', now() - interval '15 day', 'c87f5c9d-0b8c-4673-80bb-600e8c61e33c', 'Numquam aliquam non adipisci est quiquia sed labore.', 2);
INSERT INTO vote (id, voting_id, created_at, created_by, comment, score) VALUES ('0beddce3-9b3e-4efe-a2ab-db691c8580ea', '0add5cd3-61f8-4c15-875d-ce788418c79b', now() - interval '15 day', 'e5d0d6c1-1691-4a61-9ccd-99f9c35ab8fb', 'Est quisquam amet ut velit neque.', 5);
INSERT INTO vote (id, voting_id, created_at, created_by, comment, score) VALUES ('8114d2ea-f42c-4e9b-98af-abe571fca6e3', '0add5cd3-61f8-4c15-875d-ce788418c79b', now() - interval '15 day', '28f4ead5-0c4f-4f92-bcba-659ce89a61bd', 'Aliquam modi porro eius modi ut.', 4);

INSERT INTO voting (id, group_id, voting_stats_id, created_at, created_by, expired) VALUES ('87e23970-9ee2-4a70-817d-56c91967fa61', 'd5847624-4b50-4d4a-abd3-ed9209a5448b', '4439238d-7d3e-4093-a773-58a915b0c100', now() - interval '18 day', 'd0183ab5-58d9-4e5e-873a-840d6b18f38c', true);
INSERT INTO voting_stats (id, voting_id, created_at, average) VALUES ('4439238d-7d3e-4093-a773-58a915b0c100', '87e23970-9ee2-4a70-817d-56c91967fa61', now(), 3.16);
INSERT INTO vote (id, voting_id, created_at, created_by, comment, score) VALUES ('1e66dfba-7726-48f3-981a-8b325c8510a5', '87e23970-9ee2-4a70-817d-56c91967fa61', now() - interval '18 day', 'd0183ab5-58d9-4e5e-873a-840d6b18f38c', '', 2);
INSERT INTO vote (id, voting_id, created_at, created_by, comment, score) VALUES ('82e9a83f-dfc4-4b83-bd61-ff9cbb07fb38', '87e23970-9ee2-4a70-817d-56c91967fa61', now() - interval '18 day', '3465094c-5545-4007-a7bc-da2b1a88d9dc', '', 1);
INSERT INTO vote (id, voting_id, created_at, created_by, comment, score) VALUES ('6681a6b7-b60f-4ecd-a5bf-94a11aaf4180', '87e23970-9ee2-4a70-817d-56c91967fa61', now() - interval '18 day', NULL, 'Dolor dolore magnam quisquam labore dolorem.', 4);
INSERT INTO vote (id, voting_id, created_at, created_by, comment, score) VALUES ('a21329da-066c-461b-ba39-c2c713284f76', '87e23970-9ee2-4a70-817d-56c91967fa61', now() - interval '18 day', 'c87f5c9d-0b8c-4673-80bb-600e8c61e33c', 'Est voluptatem quiquia eius eius eius.', 3);
INSERT INTO vote (id, voting_id, created_at, created_by, comment, score) VALUES ('5e6ae71e-7410-4ced-830a-5ca5d1f641d5', '87e23970-9ee2-4a70-817d-56c91967fa61', now() - interval '18 day', 'e5d0d6c1-1691-4a61-9ccd-99f9c35ab8fb', 'Quisquam aliquam quisquam amet.', 5);
INSERT INTO vote (id, voting_id, created_at, created_by, comment, score) VALUES ('7fbc8816-6d65-4845-af60-8c6b7d066d0f', '87e23970-9ee2-4a70-817d-56c91967fa61', now() - interval '18 day', '28f4ead5-0c4f-4f92-bcba-659ce89a61bd', '', 4);

INSERT INTO voting (id, group_id, voting_stats_id, created_at, created_by, expired) VALUES ('01edeecd-1b7f-4b05-9394-19236931bf5e', 'd5847624-4b50-4d4a-abd3-ed9209a5448b', '128dbd86-f2da-40fa-b275-648e5c11580d', now() - interval '19 day', 'd0183ab5-58d9-4e5e-873a-840d6b18f38c', true);
INSERT INTO voting_stats (id, voting_id, created_at, average) VALUES ('128dbd86-f2da-40fa-b275-648e5c11580d', '01edeecd-1b7f-4b05-9394-19236931bf5e', now(), 3.16);
INSERT INTO vote (id, voting_id, created_at, created_by, comment, score) VALUES ('da433b83-33a6-46e9-af6d-e29df3f7bfcf', '01edeecd-1b7f-4b05-9394-19236931bf5e', now() - interval '19 day', 'd0183ab5-58d9-4e5e-873a-840d6b18f38c', 'Aliquam ut dolor ipsum porro dolor.', 1);
INSERT INTO vote (id, voting_id, created_at, created_by, comment, score) VALUES ('c2cc0087-c650-4948-bc57-4b491d924a6f', '01edeecd-1b7f-4b05-9394-19236931bf5e', now() - interval '19 day', '3465094c-5545-4007-a7bc-da2b1a88d9dc', 'Ipsum consectetur adipisci voluptatem ipsum quiquia quiquia.', 3);
INSERT INTO vote (id, voting_id, created_at, created_by, comment, score) VALUES ('c01e442c-f4cb-42fa-8479-f4827fbe4768', '01edeecd-1b7f-4b05-9394-19236931bf5e', now() - interval '19 day', NULL, '', 4);
INSERT INTO vote (id, voting_id, created_at, created_by, comment, score) VALUES ('a2128a66-514e-46e3-a05e-9eee0689e103', '01edeecd-1b7f-4b05-9394-19236931bf5e', now() - interval '19 day', 'c87f5c9d-0b8c-4673-80bb-600e8c61e33c', 'Labore modi amet porro modi velit.', 3);
INSERT INTO vote (id, voting_id, created_at, created_by, comment, score) VALUES ('97db4bdc-93bf-4901-924b-ead79e957b98', '01edeecd-1b7f-4b05-9394-19236931bf5e', now() - interval '19 day', 'e5d0d6c1-1691-4a61-9ccd-99f9c35ab8fb', 'Ut non labore voluptatem dolore amet.', 5);
INSERT INTO vote (id, voting_id, created_at, created_by, comment, score) VALUES ('ca286e2d-3046-42e4-8b9c-9939b4131267', '01edeecd-1b7f-4b05-9394-19236931bf5e', now() - interval '19 day', '28f4ead5-0c4f-4f92-bcba-659ce89a61bd', 'Est porro tempora labore numquam quisquam.', 3);

INSERT INTO voting (id, group_id, voting_stats_id, created_at, created_by, expired) VALUES ('6176d1e6-e677-4591-99ff-744233e2caf4', 'd5847624-4b50-4d4a-abd3-ed9209a5448b', 'ee2c7f63-2548-4678-88be-a8630273240e', now() - interval '20 day', 'd0183ab5-58d9-4e5e-873a-840d6b18f38c', true);
INSERT INTO voting_stats (id, voting_id, created_at, average) VALUES ('ee2c7f63-2548-4678-88be-a8630273240e', '6176d1e6-e677-4591-99ff-744233e2caf4', now(), 4.16);
INSERT INTO vote (id, voting_id, created_at, created_by, comment, score) VALUES ('76d2edf7-6841-4f8e-a301-bd0eb7cf98b8', '6176d1e6-e677-4591-99ff-744233e2caf4', now() - interval '20 day', 'd0183ab5-58d9-4e5e-873a-840d6b18f38c', 'Porro amet dolorem non modi modi amet.', 4);
INSERT INTO vote (id, voting_id, created_at, created_by, comment, score) VALUES ('a79d25f1-ff58-4929-a5bf-cc8534c7f8bd', '6176d1e6-e677-4591-99ff-744233e2caf4', now() - interval '20 day', '3465094c-5545-4007-a7bc-da2b1a88d9dc', 'Magnam neque velit aliquam non tempora labore.', 4);
INSERT INTO vote (id, voting_id, created_at, created_by, comment, score) VALUES ('db7ceec9-787f-4b48-a7b4-d2478d4be0ce', '6176d1e6-e677-4591-99ff-744233e2caf4', now() - interval '20 day', 'a071fa9d-d19f-493b-bb7e-e77aac0eb917', 'Labore quaerat velit dolor.', 3);
INSERT INTO vote (id, voting_id, created_at, created_by, comment, score) VALUES ('ad6bb7ce-18df-41f4-b5eb-407f27905db4', '6176d1e6-e677-4591-99ff-744233e2caf4', now() - interval '20 day', 'c87f5c9d-0b8c-4673-80bb-600e8c61e33c', '', 4);
INSERT INTO vote (id, voting_id, created_at, created_by, comment, score) VALUES ('b385eae9-fb1b-43e7-ba72-34b66c6db1cd', '6176d1e6-e677-4591-99ff-744233e2caf4', now() - interval '20 day', 'e5d0d6c1-1691-4a61-9ccd-99f9c35ab8fb', 'Quisquam labore neque amet tempora sit dolorem etincidunt.', 5);
INSERT INTO vote (id, voting_id, created_at, created_by, comment, score) VALUES ('e69c4a47-2f47-4484-9a0d-e123c54778f3', '6176d1e6-e677-4591-99ff-744233e2caf4', now() - interval '20 day', '28f4ead5-0c4f-4f92-bcba-659ce89a61bd', '', 5);

INSERT INTO voting (id, group_id, voting_stats_id, created_at, created_by, expired) VALUES ('624dec8b-ffff-4dc6-a513-ef9fbe5046d6', 'd5847624-4b50-4d4a-abd3-ed9209a5448b', '8a7a2598-32bf-46b8-b8ed-db306f95d4db', now() - interval '21 day', 'd0183ab5-58d9-4e5e-873a-840d6b18f38c', true);
INSERT INTO voting_stats (id, voting_id, created_at, average) VALUES ('8a7a2598-32bf-46b8-b8ed-db306f95d4db', '624dec8b-ffff-4dc6-a513-ef9fbe5046d6', now(), 2.83);
INSERT INTO vote (id, voting_id, created_at, created_by, comment, score) VALUES ('fdb6d8f3-a96d-490e-b049-573d7c91c76b', '624dec8b-ffff-4dc6-a513-ef9fbe5046d6', now() - interval '21 day', 'd0183ab5-58d9-4e5e-873a-840d6b18f38c', 'Velit amet quiquia aliquam.', 4);
INSERT INTO vote (id, voting_id, created_at, created_by, comment, score) VALUES ('cc58b403-8826-4a17-b1f1-977db9567ab6', '624dec8b-ffff-4dc6-a513-ef9fbe5046d6', now() - interval '21 day', '3465094c-5545-4007-a7bc-da2b1a88d9dc', 'Adipisci quisquam sit dolor.', 3);
INSERT INTO vote (id, voting_id, created_at, created_by, comment, score) VALUES ('73fbd449-00e6-442f-8b15-d3a1bf058b35', '624dec8b-ffff-4dc6-a513-ef9fbe5046d6', now() - interval '21 day', 'a071fa9d-d19f-493b-bb7e-e77aac0eb917', 'Porro consectetur non tempora eius.', 3);
INSERT INTO vote (id, voting_id, created_at, created_by, comment, score) VALUES ('ca47fcb4-8f03-4219-850a-22d39c42af02', '624dec8b-ffff-4dc6-a513-ef9fbe5046d6', now() - interval '21 day', 'c87f5c9d-0b8c-4673-80bb-600e8c61e33c', 'Sed numquam quiquia etincidunt numquam sit labore.', 1);
INSERT INTO vote (id, voting_id, created_at, created_by, comment, score) VALUES ('29569ed4-7896-4c40-a4c3-8cbf853a698c', '624dec8b-ffff-4dc6-a513-ef9fbe5046d6', now() - interval '21 day', 'e5d0d6c1-1691-4a61-9ccd-99f9c35ab8fb', '', 1);
INSERT INTO vote (id, voting_id, created_at, created_by, comment, score) VALUES ('33a1418f-f1a7-4156-8f9d-8aaceb6c4999', '624dec8b-ffff-4dc6-a513-ef9fbe5046d6', now() - interval '21 day', NULL, 'Ipsum etincidunt labore quaerat consectetur quisquam voluptatem.', 5);

INSERT INTO voting (id, group_id, voting_stats_id, created_at, created_by, expired) VALUES ('285058c3-fac4-456d-929e-4fd311ff1f89', 'd5847624-4b50-4d4a-abd3-ed9209a5448b', '06dfc103-99e1-4ea9-bed3-087556faacbf', now() - interval '22 day', 'd0183ab5-58d9-4e5e-873a-840d6b18f38c', true);
INSERT INTO voting_stats (id, voting_id, created_at, average) VALUES ('06dfc103-99e1-4ea9-bed3-087556faacbf', '285058c3-fac4-456d-929e-4fd311ff1f89', now(), 2.83);
INSERT INTO vote (id, voting_id, created_at, created_by, comment, score) VALUES ('55cd2e40-a4a5-40d6-a639-e2d8e6a64b71', '285058c3-fac4-456d-929e-4fd311ff1f89', now() - interval '22 day', 'd0183ab5-58d9-4e5e-873a-840d6b18f38c', 'Ipsum labore quisquam eius quisquam dolor.', 3);
INSERT INTO vote (id, voting_id, created_at, created_by, comment, score) VALUES ('dd489624-872a-4fee-a281-1e6b73cfeee7', '285058c3-fac4-456d-929e-4fd311ff1f89', now() - interval '22 day', NULL, 'Velit neque ut modi quiquia neque.', 5);
INSERT INTO vote (id, voting_id, created_at, created_by, comment, score) VALUES ('a6fb9f2b-45c1-4903-96ce-4c2f0d13e5d3', '285058c3-fac4-456d-929e-4fd311ff1f89', now() - interval '22 day', NULL, 'Quiquia magnam magnam non adipisci eius.', 2);
INSERT INTO vote (id, voting_id, created_at, created_by, comment, score) VALUES ('06d2bc58-bf86-4a83-a43d-49bc84b46e28', '285058c3-fac4-456d-929e-4fd311ff1f89', now() - interval '22 day', 'c87f5c9d-0b8c-4673-80bb-600e8c61e33c', '', 1);
INSERT INTO vote (id, voting_id, created_at, created_by, comment, score) VALUES ('ac093bae-bf96-44a8-ac3c-85cd2d4dfc40', '285058c3-fac4-456d-929e-4fd311ff1f89', now() - interval '22 day', 'e5d0d6c1-1691-4a61-9ccd-99f9c35ab8fb', '', 2);
INSERT INTO vote (id, voting_id, created_at, created_by, comment, score) VALUES ('e9d54ed5-a643-4ab1-b98a-1a3fa0330f79', '285058c3-fac4-456d-929e-4fd311ff1f89', now() - interval '22 day', '28f4ead5-0c4f-4f92-bcba-659ce89a61bd', 'Dolorem neque adipisci quaerat voluptatem aliquam ut.', 4);

INSERT INTO voting (id, group_id, voting_stats_id, created_at, created_by, expired) VALUES ('882995cb-96ac-46cc-b01d-ed718417528a', 'd5847624-4b50-4d4a-abd3-ed9209a5448b', '6c7745c9-9df4-4e4a-b21f-37a2adfc000f', now() - interval '25 day', 'd0183ab5-58d9-4e5e-873a-840d6b18f38c', true);
INSERT INTO voting_stats (id, voting_id, created_at, average) VALUES ('6c7745c9-9df4-4e4a-b21f-37a2adfc000f', '882995cb-96ac-46cc-b01d-ed718417528a', now(), 2.83);
INSERT INTO vote (id, voting_id, created_at, created_by, comment, score) VALUES ('54c7281a-dd06-4d13-8710-0cd5d7a9b4de', '882995cb-96ac-46cc-b01d-ed718417528a', now() - interval '25 day', 'd0183ab5-58d9-4e5e-873a-840d6b18f38c', 'Neque amet dolorem ipsum.', 4);
INSERT INTO vote (id, voting_id, created_at, created_by, comment, score) VALUES ('ed2253e8-11ff-4b89-9163-95e4f07a2efb', '882995cb-96ac-46cc-b01d-ed718417528a', now() - interval '25 day', '3465094c-5545-4007-a7bc-da2b1a88d9dc', 'Quiquia magnam neque sit sit consectetur quaerat amet.', 1);
INSERT INTO vote (id, voting_id, created_at, created_by, comment, score) VALUES ('40048363-6341-4b21-b0cd-98acad4e9422', '882995cb-96ac-46cc-b01d-ed718417528a', now() - interval '25 day', 'a071fa9d-d19f-493b-bb7e-e77aac0eb917', 'Ipsum consectetur sed consectetur neque adipisci.', 5);
INSERT INTO vote (id, voting_id, created_at, created_by, comment, score) VALUES ('c97e85ab-ecad-4b77-ab87-07424a34442e', '882995cb-96ac-46cc-b01d-ed718417528a', now() - interval '25 day', 'c87f5c9d-0b8c-4673-80bb-600e8c61e33c', 'Aliquam ut quiquia aliquam numquam voluptatem velit consectetur.', 5);
INSERT INTO vote (id, voting_id, created_at, created_by, comment, score) VALUES ('b6be5428-7d49-4cb2-aa93-a7429184a42d', '882995cb-96ac-46cc-b01d-ed718417528a', now() - interval '25 day', 'e5d0d6c1-1691-4a61-9ccd-99f9c35ab8fb', 'Amet est dolor voluptatem.', 1);
INSERT INTO vote (id, voting_id, created_at, created_by, comment, score) VALUES ('084391e5-5b33-4e84-ba82-50ae0e128c49', '882995cb-96ac-46cc-b01d-ed718417528a', now() - interval '25 day', '28f4ead5-0c4f-4f92-bcba-659ce89a61bd', 'Dolore eius ipsum porro.', 1);

INSERT INTO voting (id, group_id, voting_stats_id, created_at, created_by, expired) VALUES ('0aa47bf1-80cf-4d8c-8c20-67700807e626', 'd5847624-4b50-4d4a-abd3-ed9209a5448b', 'd4fb3d77-a899-4863-b210-9a1883d9b6dd', now() - interval '26 day', 'd0183ab5-58d9-4e5e-873a-840d6b18f38c', true);
INSERT INTO voting_stats (id, voting_id, created_at, average) VALUES ('d4fb3d77-a899-4863-b210-9a1883d9b6dd', '0aa47bf1-80cf-4d8c-8c20-67700807e626', now(), 2.5);
INSERT INTO vote (id, voting_id, created_at, created_by, comment, score) VALUES ('6fa3fcde-5eab-4586-b510-6e0a90396531', '0aa47bf1-80cf-4d8c-8c20-67700807e626', now() - interval '26 day', NULL, 'Non porro amet sed dolore porro.', 1);
INSERT INTO vote (id, voting_id, created_at, created_by, comment, score) VALUES ('6b5d3496-a107-494d-918a-8adb4766c637', '0aa47bf1-80cf-4d8c-8c20-67700807e626', now() - interval '26 day', '3465094c-5545-4007-a7bc-da2b1a88d9dc', 'Non dolor modi tempora ut dolore neque amet.', 1);
INSERT INTO vote (id, voting_id, created_at, created_by, comment, score) VALUES ('a6fa0b1c-233e-4c0c-8a3e-e0df25d475fc', '0aa47bf1-80cf-4d8c-8c20-67700807e626', now() - interval '26 day', NULL, '', 5);
INSERT INTO vote (id, voting_id, created_at, created_by, comment, score) VALUES ('fa02e2f4-4255-4542-8202-52fe2e812eb4', '0aa47bf1-80cf-4d8c-8c20-67700807e626', now() - interval '26 day', NULL, 'Velit sit dolor adipisci modi dolorem ipsum consectetur.', 2);
INSERT INTO vote (id, voting_id, created_at, created_by, comment, score) VALUES ('8f7beccb-6d3d-4c05-a74b-891d9fb5d74f', '0aa47bf1-80cf-4d8c-8c20-67700807e626', now() - interval '26 day', NULL, 'Consectetur magnam etincidunt numquam dolore ut etincidunt.', 1);
INSERT INTO vote (id, voting_id, created_at, created_by, comment, score) VALUES ('3c538027-b6ce-45cc-b2d2-c2ae2d9452e2', '0aa47bf1-80cf-4d8c-8c20-67700807e626', now() - interval '26 day', '28f4ead5-0c4f-4f92-bcba-659ce89a61bd', 'Labore sit quisquam quaerat.', 5);

INSERT INTO voting (id, group_id, voting_stats_id, created_at, created_by, expired) VALUES ('9aa12ca1-ed5f-4bbc-96e7-e573b0826dd6', 'd5847624-4b50-4d4a-abd3-ed9209a5448b', 'ae2b1806-878f-465e-a249-7b5e25d2a4e7', now() - interval '27 day', 'd0183ab5-58d9-4e5e-873a-840d6b18f38c', true);
INSERT INTO voting_stats (id, voting_id, created_at, average) VALUES ('ae2b1806-878f-465e-a249-7b5e25d2a4e7', '9aa12ca1-ed5f-4bbc-96e7-e573b0826dd6', now(), 2.66);
INSERT INTO vote (id, voting_id, created_at, created_by, comment, score) VALUES ('7ad13de2-b325-48f5-9c24-654c1fb814cb', '9aa12ca1-ed5f-4bbc-96e7-e573b0826dd6', now() - interval '27 day', 'd0183ab5-58d9-4e5e-873a-840d6b18f38c', 'Sit porro ipsum magnam voluptatem.', 1);
INSERT INTO vote (id, voting_id, created_at, created_by, comment, score) VALUES ('1e85f3d1-5891-40df-96c0-522101f8c14f', '9aa12ca1-ed5f-4bbc-96e7-e573b0826dd6', now() - interval '27 day', '3465094c-5545-4007-a7bc-da2b1a88d9dc', 'Adipisci magnam est sit velit ipsum voluptatem.', 1);
INSERT INTO vote (id, voting_id, created_at, created_by, comment, score) VALUES ('b8c65e70-aad2-44bd-bd89-1f2556b948b5', '9aa12ca1-ed5f-4bbc-96e7-e573b0826dd6', now() - interval '27 day', 'a071fa9d-d19f-493b-bb7e-e77aac0eb917', 'Sed dolorem numquam dolorem non labore.', 2);
INSERT INTO vote (id, voting_id, created_at, created_by, comment, score) VALUES ('4a974ca6-31ae-46d0-8019-3e3015dafdf0', '9aa12ca1-ed5f-4bbc-96e7-e573b0826dd6', now() - interval '27 day', 'c87f5c9d-0b8c-4673-80bb-600e8c61e33c', 'Velit etincidunt eius etincidunt ut etincidunt ut.', 4);
INSERT INTO vote (id, voting_id, created_at, created_by, comment, score) VALUES ('b5b25087-4454-4e03-812f-fce7d1e8a8ec', '9aa12ca1-ed5f-4bbc-96e7-e573b0826dd6', now() - interval '27 day', 'e5d0d6c1-1691-4a61-9ccd-99f9c35ab8fb', 'Adipisci adipisci porro velit ut.', 3);
INSERT INTO vote (id, voting_id, created_at, created_by, comment, score) VALUES ('266f6ebe-4441-47ee-848e-ecc958f979ca', '9aa12ca1-ed5f-4bbc-96e7-e573b0826dd6', now() - interval '27 day', '28f4ead5-0c4f-4f92-bcba-659ce89a61bd', '', 5);

INSERT INTO voting (id, group_id, voting_stats_id, created_at, created_by, expired) VALUES ('2920df3c-548d-49dc-aabe-62f5e6278923', 'd5847624-4b50-4d4a-abd3-ed9209a5448b', '8782ec89-6750-450f-8da7-a450a42320c8', now() - interval '28 day', 'd0183ab5-58d9-4e5e-873a-840d6b18f38c', true);
INSERT INTO voting_stats (id, voting_id, created_at, average) VALUES ('8782ec89-6750-450f-8da7-a450a42320c8', '2920df3c-548d-49dc-aabe-62f5e6278923', now(), 2.66);
INSERT INTO vote (id, voting_id, created_at, created_by, comment, score) VALUES ('1beef68a-6660-47f2-aae8-e323f0d0f0bd', '2920df3c-548d-49dc-aabe-62f5e6278923', now() - interval '28 day', NULL, 'Labore sed dolor ut velit magnam etincidunt.', 3);
INSERT INTO vote (id, voting_id, created_at, created_by, comment, score) VALUES ('ed23520a-2440-41f0-88d0-4aa29b8efd98', '2920df3c-548d-49dc-aabe-62f5e6278923', now() - interval '28 day', '3465094c-5545-4007-a7bc-da2b1a88d9dc', '', 3);
INSERT INTO vote (id, voting_id, created_at, created_by, comment, score) VALUES ('bcdb8a0a-f5a5-401d-96db-9c64f446791b', '2920df3c-548d-49dc-aabe-62f5e6278923', now() - interval '28 day', 'a071fa9d-d19f-493b-bb7e-e77aac0eb917', 'Etincidunt tempora dolorem dolor adipisci dolore ut.', 4);
INSERT INTO vote (id, voting_id, created_at, created_by, comment, score) VALUES ('babf6785-fdaa-42e4-b1bf-2706ae3e642d', '2920df3c-548d-49dc-aabe-62f5e6278923', now() - interval '28 day', 'c87f5c9d-0b8c-4673-80bb-600e8c61e33c', 'Labore tempora dolorem ut est consectetur sit eius.', 1);
INSERT INTO vote (id, voting_id, created_at, created_by, comment, score) VALUES ('e34bda56-7305-421d-bf39-4fadb67909dd', '2920df3c-548d-49dc-aabe-62f5e6278923', now() - interval '28 day', 'e5d0d6c1-1691-4a61-9ccd-99f9c35ab8fb', 'Porro dolore quaerat adipisci neque ipsum.', 1);
INSERT INTO vote (id, voting_id, created_at, created_by, comment, score) VALUES ('321dfd6d-b407-45d5-8e15-3e5a60b4f4da', '2920df3c-548d-49dc-aabe-62f5e6278923', now() - interval '28 day', NULL, 'Quaerat non magnam adipisci.', 4);

INSERT INTO voting (id, group_id, voting_stats_id, created_at, created_by, expired) VALUES ('729adc5b-5a29-4df0-a0a5-a2216624ecc4', 'd5847624-4b50-4d4a-abd3-ed9209a5448b', '215752cc-e178-4858-961c-4e33d14cb9d7', now() - interval '29 day', 'd0183ab5-58d9-4e5e-873a-840d6b18f38c', true);
INSERT INTO voting_stats (id, voting_id, created_at, average) VALUES ('215752cc-e178-4858-961c-4e33d14cb9d7', '729adc5b-5a29-4df0-a0a5-a2216624ecc4', now(), 3.33);
INSERT INTO vote (id, voting_id, created_at, created_by, comment, score) VALUES ('3c40a8c9-6296-49e5-92aa-9b6e91eeb6a4', '729adc5b-5a29-4df0-a0a5-a2216624ecc4', now() - interval '29 day', 'd0183ab5-58d9-4e5e-873a-840d6b18f38c', 'Ipsum ut tempora neque aliquam non etincidunt.', 3);
INSERT INTO vote (id, voting_id, created_at, created_by, comment, score) VALUES ('1e56ce9c-2bc8-4f8f-9d99-4b440649061c', '729adc5b-5a29-4df0-a0a5-a2216624ecc4', now() - interval '29 day', '3465094c-5545-4007-a7bc-da2b1a88d9dc', '', 4);
INSERT INTO vote (id, voting_id, created_at, created_by, comment, score) VALUES ('cd66f21b-1332-4168-8c40-71bfd8658254', '729adc5b-5a29-4df0-a0a5-a2216624ecc4', now() - interval '29 day', 'a071fa9d-d19f-493b-bb7e-e77aac0eb917', 'Sit aliquam sit quaerat adipisci.', 2);
INSERT INTO vote (id, voting_id, created_at, created_by, comment, score) VALUES ('79ad79ec-22a6-45c4-a9d2-d511b281e191', '729adc5b-5a29-4df0-a0a5-a2216624ecc4', now() - interval '29 day', 'c87f5c9d-0b8c-4673-80bb-600e8c61e33c', 'Dolor consectetur adipisci tempora adipisci aliquam dolore.', 5);
INSERT INTO vote (id, voting_id, created_at, created_by, comment, score) VALUES ('dc9a491a-6a45-4cf2-b8f8-ab9bf7d842d0', '729adc5b-5a29-4df0-a0a5-a2216624ecc4', now() - interval '29 day', 'e5d0d6c1-1691-4a61-9ccd-99f9c35ab8fb', 'Ut voluptatem modi voluptatem quisquam numquam etincidunt.', 5);
INSERT INTO vote (id, voting_id, created_at, created_by, comment, score) VALUES ('9df56587-0b8c-4560-bf91-732220e3a0e4', '729adc5b-5a29-4df0-a0a5-a2216624ecc4', now() - interval '29 day', '28f4ead5-0c4f-4f92-bcba-659ce89a61bd', '', 1);

INSERT INTO voting (id, group_id, voting_stats_id, created_at, created_by, expired) VALUES ('3a260a62-2a9a-4975-a2c9-26f3994f8508', 'd5847624-4b50-4d4a-abd3-ed9209a5448b', '6c7f0cdb-dc85-4d27-a458-c7182eb40a12', now() - interval '32 day', 'd0183ab5-58d9-4e5e-873a-840d6b18f38c', true);
INSERT INTO voting_stats (id, voting_id, created_at, average) VALUES ('6c7f0cdb-dc85-4d27-a458-c7182eb40a12', '3a260a62-2a9a-4975-a2c9-26f3994f8508', now(), 2.33);
INSERT INTO vote (id, voting_id, created_at, created_by, comment, score) VALUES ('34f2372a-1717-4dc8-a7a1-8be2ab34868c', '3a260a62-2a9a-4975-a2c9-26f3994f8508', now() - interval '32 day', 'd0183ab5-58d9-4e5e-873a-840d6b18f38c', 'Est amet quaerat neque.', 3);
INSERT INTO vote (id, voting_id, created_at, created_by, comment, score) VALUES ('0006551d-b6a3-4099-984d-e7866cdf135c', '3a260a62-2a9a-4975-a2c9-26f3994f8508', now() - interval '32 day', '3465094c-5545-4007-a7bc-da2b1a88d9dc', 'Adipisci eius consectetur adipisci sed sit adipisci.', 1);
INSERT INTO vote (id, voting_id, created_at, created_by, comment, score) VALUES ('9ab8d37f-2495-42a2-93f4-b009a5c01199', '3a260a62-2a9a-4975-a2c9-26f3994f8508', now() - interval '32 day', NULL, 'Quiquia consectetur ut quaerat non eius.', 2);
INSERT INTO vote (id, voting_id, created_at, created_by, comment, score) VALUES ('90a7f873-2266-4484-b8af-15975d3c2fa6', '3a260a62-2a9a-4975-a2c9-26f3994f8508', now() - interval '32 day', NULL, 'Adipisci consectetur voluptatem eius.', 3);
INSERT INTO vote (id, voting_id, created_at, created_by, comment, score) VALUES ('3dc30136-b074-4d87-b53e-1503eee5de27', '3a260a62-2a9a-4975-a2c9-26f3994f8508', now() - interval '32 day', NULL, 'Numquam dolore quaerat ut sed.', 4);
INSERT INTO vote (id, voting_id, created_at, created_by, comment, score) VALUES ('6820d957-be50-441a-8622-5b81bd491ab8', '3a260a62-2a9a-4975-a2c9-26f3994f8508', now() - interval '32 day', NULL, 'Ut ut magnam sit.', 1);

INSERT INTO voting (id, group_id, voting_stats_id, created_at, created_by, expired) VALUES ('0ae9e7b9-076f-4a72-becf-270b0939f229', 'd5847624-4b50-4d4a-abd3-ed9209a5448b', '9efffbff-186e-4ca4-95c5-cb52f88224d4', now() - interval '33 day', 'd0183ab5-58d9-4e5e-873a-840d6b18f38c', true);
INSERT INTO voting_stats (id, voting_id, created_at, average) VALUES ('9efffbff-186e-4ca4-95c5-cb52f88224d4', '0ae9e7b9-076f-4a72-becf-270b0939f229', now(), 1.33);
INSERT INTO vote (id, voting_id, created_at, created_by, comment, score) VALUES ('1c76962a-f7ad-4fb0-860b-7492cb8084a9', '0ae9e7b9-076f-4a72-becf-270b0939f229', now() - interval '33 day', 'd0183ab5-58d9-4e5e-873a-840d6b18f38c', '', 1);
INSERT INTO vote (id, voting_id, created_at, created_by, comment, score) VALUES ('e2e7fe36-f631-42bb-8a01-770339e7fb1a', '0ae9e7b9-076f-4a72-becf-270b0939f229', now() - interval '33 day', '3465094c-5545-4007-a7bc-da2b1a88d9dc', 'Quiquia voluptatem quiquia tempora quisquam amet velit quiquia.', 1);
INSERT INTO vote (id, voting_id, created_at, created_by, comment, score) VALUES ('7090e9b5-c43b-4650-ac1d-2cf62590e5f1', '0ae9e7b9-076f-4a72-becf-270b0939f229', now() - interval '33 day', 'a071fa9d-d19f-493b-bb7e-e77aac0eb917', 'Etincidunt velit aliquam quiquia amet neque porro eius.', 2);
INSERT INTO vote (id, voting_id, created_at, created_by, comment, score) VALUES ('61bdfca3-48f1-4877-92fb-ba76070d09df', '0ae9e7b9-076f-4a72-becf-270b0939f229', now() - interval '33 day', 'c87f5c9d-0b8c-4673-80bb-600e8c61e33c', 'Quaerat quaerat velit labore.', 1);
INSERT INTO vote (id, voting_id, created_at, created_by, comment, score) VALUES ('8874c2f1-19ce-4ad9-93a3-aa77569fb3f2', '0ae9e7b9-076f-4a72-becf-270b0939f229', now() - interval '33 day', NULL, 'Velit amet voluptatem dolore dolor tempora magnam.', 2);
INSERT INTO vote (id, voting_id, created_at, created_by, comment, score) VALUES ('3429ecf7-6b70-4d5b-933a-9d4581ecbd4d', '0ae9e7b9-076f-4a72-becf-270b0939f229', now() - interval '33 day', '28f4ead5-0c4f-4f92-bcba-659ce89a61bd', 'Sed numquam numquam etincidunt dolore consectetur quisquam dolorem.', 1);

INSERT INTO voting (id, group_id, voting_stats_id, created_at, created_by, expired) VALUES ('fc0d3227-3c23-4fa4-8271-ed1792d39477', 'd5847624-4b50-4d4a-abd3-ed9209a5448b', 'b0442707-aa3a-4442-9932-80e51f4d3dfd', now() - interval '34 day', 'd0183ab5-58d9-4e5e-873a-840d6b18f38c', true);
INSERT INTO voting_stats (id, voting_id, created_at, average) VALUES ('b0442707-aa3a-4442-9932-80e51f4d3dfd', 'fc0d3227-3c23-4fa4-8271-ed1792d39477', now(), 3.33);
INSERT INTO vote (id, voting_id, created_at, created_by, comment, score) VALUES ('2a357eea-8907-4078-beda-06fb33baba0a', 'fc0d3227-3c23-4fa4-8271-ed1792d39477', now() - interval '34 day', NULL, 'Aliquam numquam magnam velit sit adipisci etincidunt.', 3);
INSERT INTO vote (id, voting_id, created_at, created_by, comment, score) VALUES ('24953a60-0704-4060-8138-a9c8add24e90', 'fc0d3227-3c23-4fa4-8271-ed1792d39477', now() - interval '34 day', '3465094c-5545-4007-a7bc-da2b1a88d9dc', 'Sed tempora sit numquam.', 2);
INSERT INTO vote (id, voting_id, created_at, created_by, comment, score) VALUES ('8dbd32cf-7913-446a-a3db-d7522d3dfe85', 'fc0d3227-3c23-4fa4-8271-ed1792d39477', now() - interval '34 day', 'a071fa9d-d19f-493b-bb7e-e77aac0eb917', 'Sit voluptatem magnam amet consectetur etincidunt.', 5);
INSERT INTO vote (id, voting_id, created_at, created_by, comment, score) VALUES ('96ae6654-be4d-4196-a9b9-649cab785172', 'fc0d3227-3c23-4fa4-8271-ed1792d39477', now() - interval '34 day', NULL, 'Eius modi numquam labore porro sit modi.', 3);
INSERT INTO vote (id, voting_id, created_at, created_by, comment, score) VALUES ('1fe0f7f1-4300-48fb-b9d1-550cdf75bc8a', 'fc0d3227-3c23-4fa4-8271-ed1792d39477', now() - interval '34 day', 'e5d0d6c1-1691-4a61-9ccd-99f9c35ab8fb', '', 2);
INSERT INTO vote (id, voting_id, created_at, created_by, comment, score) VALUES ('24f4ced8-e8ff-4813-9cc8-1e3ab48d651c', 'fc0d3227-3c23-4fa4-8271-ed1792d39477', now() - interval '34 day', '28f4ead5-0c4f-4f92-bcba-659ce89a61bd', 'Quiquia magnam sed consectetur numquam ut labore velit.', 5);

INSERT INTO voting (id, group_id, voting_stats_id, created_at, created_by, expired) VALUES ('0afa73b6-5bf8-4438-9a55-ff12d5dfcbbf', 'd5847624-4b50-4d4a-abd3-ed9209a5448b', '2e4212f8-280d-4f2b-ab60-45570e8c9d8a', now() - interval '35 day', 'd0183ab5-58d9-4e5e-873a-840d6b18f38c', true);
INSERT INTO voting_stats (id, voting_id, created_at, average) VALUES ('2e4212f8-280d-4f2b-ab60-45570e8c9d8a', '0afa73b6-5bf8-4438-9a55-ff12d5dfcbbf', now(), 2.66);
INSERT INTO vote (id, voting_id, created_at, created_by, comment, score) VALUES ('07b596a4-df21-491b-b096-cac95af0447d', '0afa73b6-5bf8-4438-9a55-ff12d5dfcbbf', now() - interval '35 day', NULL, 'Amet velit quisquam velit sed numquam.', 4);
INSERT INTO vote (id, voting_id, created_at, created_by, comment, score) VALUES ('f68349a1-de2c-40c1-8a59-727b1d45c96f', '0afa73b6-5bf8-4438-9a55-ff12d5dfcbbf', now() - interval '35 day', '3465094c-5545-4007-a7bc-da2b1a88d9dc', 'Labore quiquia etincidunt etincidunt dolor dolor.', 2);
INSERT INTO vote (id, voting_id, created_at, created_by, comment, score) VALUES ('7584cf18-902b-4524-a355-7ce483c44802', '0afa73b6-5bf8-4438-9a55-ff12d5dfcbbf', now() - interval '35 day', 'a071fa9d-d19f-493b-bb7e-e77aac0eb917', 'Adipisci dolore quaerat sit adipisci est est etincidunt.', 3);
INSERT INTO vote (id, voting_id, created_at, created_by, comment, score) VALUES ('54f22978-d0e6-4722-99d7-30398dd3ad19', '0afa73b6-5bf8-4438-9a55-ff12d5dfcbbf', now() - interval '35 day', 'c87f5c9d-0b8c-4673-80bb-600e8c61e33c', '', 2);
INSERT INTO vote (id, voting_id, created_at, created_by, comment, score) VALUES ('676facb9-7e19-4834-8f60-627941e62181', '0afa73b6-5bf8-4438-9a55-ff12d5dfcbbf', now() - interval '35 day', 'e5d0d6c1-1691-4a61-9ccd-99f9c35ab8fb', 'Eius dolorem etincidunt adipisci.', 3);
INSERT INTO vote (id, voting_id, created_at, created_by, comment, score) VALUES ('978e8078-689f-4d45-863a-c3c35c77de64', '0afa73b6-5bf8-4438-9a55-ff12d5dfcbbf', now() - interval '35 day', '28f4ead5-0c4f-4f92-bcba-659ce89a61bd', '', 2);

INSERT INTO voting (id, group_id, voting_stats_id, created_at, created_by, expired) VALUES ('d05ca8ee-5a97-493f-9aa7-df9f8bce246a', 'd5847624-4b50-4d4a-abd3-ed9209a5448b', '1caba94a-bfa9-445d-838a-bf0ff49a0aba', now() - interval '36 day', 'd0183ab5-58d9-4e5e-873a-840d6b18f38c', true);
INSERT INTO voting_stats (id, voting_id, created_at, average) VALUES ('1caba94a-bfa9-445d-838a-bf0ff49a0aba', 'd05ca8ee-5a97-493f-9aa7-df9f8bce246a', now(), 3.33);
INSERT INTO vote (id, voting_id, created_at, created_by, comment, score) VALUES ('8640731e-d4a9-442a-ac02-8f6898a44ec9', 'd05ca8ee-5a97-493f-9aa7-df9f8bce246a', now() - interval '36 day', 'd0183ab5-58d9-4e5e-873a-840d6b18f38c', 'Dolorem velit adipisci dolorem dolor.', 5);
INSERT INTO vote (id, voting_id, created_at, created_by, comment, score) VALUES ('9d03c584-7557-4a82-9fd1-26428e3af425', 'd05ca8ee-5a97-493f-9aa7-df9f8bce246a', now() - interval '36 day', NULL, 'Etincidunt modi quiquia etincidunt adipisci consectetur quiquia.', 4);
INSERT INTO vote (id, voting_id, created_at, created_by, comment, score) VALUES ('1f06136d-6a50-45fc-9b43-9bcb50bd6a64', 'd05ca8ee-5a97-493f-9aa7-df9f8bce246a', now() - interval '36 day', NULL, 'Eius sit sit dolorem.', 1);
INSERT INTO vote (id, voting_id, created_at, created_by, comment, score) VALUES ('16fb2f24-8cd9-44dc-ba5f-0479ae0b4fad', 'd05ca8ee-5a97-493f-9aa7-df9f8bce246a', now() - interval '36 day', 'c87f5c9d-0b8c-4673-80bb-600e8c61e33c', '', 3);
INSERT INTO vote (id, voting_id, created_at, created_by, comment, score) VALUES ('4f07f000-dd48-4434-89b3-58fc95eac5ee', 'd05ca8ee-5a97-493f-9aa7-df9f8bce246a', now() - interval '36 day', 'e5d0d6c1-1691-4a61-9ccd-99f9c35ab8fb', 'Tempora labore quiquia magnam magnam quaerat.', 3);
INSERT INTO vote (id, voting_id, created_at, created_by, comment, score) VALUES ('df466a9a-a4b3-4255-8400-06f65e0a2a20', 'd05ca8ee-5a97-493f-9aa7-df9f8bce246a', now() - interval '36 day', '28f4ead5-0c4f-4f92-bcba-659ce89a61bd', '', 4);

INSERT INTO voting (id, group_id, voting_stats_id, created_at, created_by, expired) VALUES ('87dbae81-9145-4c08-90b1-ce3581c7acbb', 'd5847624-4b50-4d4a-abd3-ed9209a5448b', '1d8d3349-ed68-4f87-b20f-0f6c7e77b916', now() - interval '39 day', 'd0183ab5-58d9-4e5e-873a-840d6b18f38c', true);
INSERT INTO voting_stats (id, voting_id, created_at, average) VALUES ('1d8d3349-ed68-4f87-b20f-0f6c7e77b916', '87dbae81-9145-4c08-90b1-ce3581c7acbb', now(), 3.33);
INSERT INTO vote (id, voting_id, created_at, created_by, comment, score) VALUES ('b8d0d0a6-2c2b-4c0b-b940-80a8e42e6ecf', '87dbae81-9145-4c08-90b1-ce3581c7acbb', now() - interval '39 day', 'd0183ab5-58d9-4e5e-873a-840d6b18f38c', 'Etincidunt magnam dolor velit velit aliquam ut.', 4);
INSERT INTO vote (id, voting_id, created_at, created_by, comment, score) VALUES ('50381550-82e7-4430-b021-45a2c65ea351', '87dbae81-9145-4c08-90b1-ce3581c7acbb', now() - interval '39 day', '3465094c-5545-4007-a7bc-da2b1a88d9dc', 'Quiquia quaerat sed voluptatem neque etincidunt.', 2);
INSERT INTO vote (id, voting_id, created_at, created_by, comment, score) VALUES ('fb380f0c-21f2-42e2-afe7-d0cd47f03509', '87dbae81-9145-4c08-90b1-ce3581c7acbb', now() - interval '39 day', 'a071fa9d-d19f-493b-bb7e-e77aac0eb917', 'Aliquam dolorem consectetur numquam eius dolor consectetur non.', 4);
INSERT INTO vote (id, voting_id, created_at, created_by, comment, score) VALUES ('950e1b9b-baf7-47d4-b285-0b78572b201e', '87dbae81-9145-4c08-90b1-ce3581c7acbb', now() - interval '39 day', 'c87f5c9d-0b8c-4673-80bb-600e8c61e33c', 'Etincidunt voluptatem tempora ut.', 4);
INSERT INTO vote (id, voting_id, created_at, created_by, comment, score) VALUES ('3d1f092a-7ec1-4666-bacc-743f459f4436', '87dbae81-9145-4c08-90b1-ce3581c7acbb', now() - interval '39 day', 'e5d0d6c1-1691-4a61-9ccd-99f9c35ab8fb', 'Tempora quaerat sed dolor eius quisquam dolor.', 4);
INSERT INTO vote (id, voting_id, created_at, created_by, comment, score) VALUES ('54fa84f7-8059-4c23-8c7b-55738ec70969', '87dbae81-9145-4c08-90b1-ce3581c7acbb', now() - interval '39 day', '28f4ead5-0c4f-4f92-bcba-659ce89a61bd', 'Consectetur ut ut eius adipisci quiquia porro velit.', 2);

INSERT INTO voting (id, group_id, voting_stats_id, created_at, created_by, expired) VALUES ('5e2ea8f7-5d30-4a22-bf6a-86ce5c532523', 'd5847624-4b50-4d4a-abd3-ed9209a5448b', '118d2ad8-f88a-4d5f-92ef-ee72cd9a5cae', now() - interval '40 day', 'd0183ab5-58d9-4e5e-873a-840d6b18f38c', true);
INSERT INTO voting_stats (id, voting_id, created_at, average) VALUES ('118d2ad8-f88a-4d5f-92ef-ee72cd9a5cae', '5e2ea8f7-5d30-4a22-bf6a-86ce5c532523', now(), 2.5);
INSERT INTO vote (id, voting_id, created_at, created_by, comment, score) VALUES ('2ddcff14-dc8c-4c26-80c8-fe8b225e0551', '5e2ea8f7-5d30-4a22-bf6a-86ce5c532523', now() - interval '40 day', 'd0183ab5-58d9-4e5e-873a-840d6b18f38c', '', 5);
INSERT INTO vote (id, voting_id, created_at, created_by, comment, score) VALUES ('e703e8c8-d06b-486a-98ef-f9ba328f7b8a', '5e2ea8f7-5d30-4a22-bf6a-86ce5c532523', now() - interval '40 day', '3465094c-5545-4007-a7bc-da2b1a88d9dc', '', 2);
INSERT INTO vote (id, voting_id, created_at, created_by, comment, score) VALUES ('8a989e38-34a9-49c1-8b2d-99d329d42d15', '5e2ea8f7-5d30-4a22-bf6a-86ce5c532523', now() - interval '40 day', 'a071fa9d-d19f-493b-bb7e-e77aac0eb917', 'Est magnam consectetur modi.', 2);
INSERT INTO vote (id, voting_id, created_at, created_by, comment, score) VALUES ('9431b2d9-4cca-484c-a800-57100f4caf66', '5e2ea8f7-5d30-4a22-bf6a-86ce5c532523', now() - interval '40 day', 'c87f5c9d-0b8c-4673-80bb-600e8c61e33c', 'Numquam adipisci porro dolor ut sit dolor.', 1);
INSERT INTO vote (id, voting_id, created_at, created_by, comment, score) VALUES ('52f081e0-3790-4192-af47-98211ef84d0c', '5e2ea8f7-5d30-4a22-bf6a-86ce5c532523', now() - interval '40 day', NULL, 'Adipisci aliquam non neque.', 4);
INSERT INTO vote (id, voting_id, created_at, created_by, comment, score) VALUES ('fc57c0d9-97ae-4c14-a9d9-a00ba9b8cb30', '5e2ea8f7-5d30-4a22-bf6a-86ce5c532523', now() - interval '40 day', '28f4ead5-0c4f-4f92-bcba-659ce89a61bd', 'Numquam labore velit aliquam neque sed.', 1);

INSERT INTO voting (id, group_id, voting_stats_id, created_at, created_by, expired) VALUES ('c4dda2a4-0ce7-468d-94d5-5a9e38748930', 'd5847624-4b50-4d4a-abd3-ed9209a5448b', '6fe140db-f01e-4c65-b8c7-8a6eaadaadbb', now() - interval '41 day', 'd0183ab5-58d9-4e5e-873a-840d6b18f38c', true);
INSERT INTO voting_stats (id, voting_id, created_at, average) VALUES ('6fe140db-f01e-4c65-b8c7-8a6eaadaadbb', 'c4dda2a4-0ce7-468d-94d5-5a9e38748930', now(), 3.33);
INSERT INTO vote (id, voting_id, created_at, created_by, comment, score) VALUES ('1c667576-87b6-4518-81f5-49e0198c7327', 'c4dda2a4-0ce7-468d-94d5-5a9e38748930', now() - interval '41 day', 'd0183ab5-58d9-4e5e-873a-840d6b18f38c', 'Dolor etincidunt sit quiquia consectetur.', 4);
INSERT INTO vote (id, voting_id, created_at, created_by, comment, score) VALUES ('d4a89f90-71bd-4c98-a786-e3daacaca50a', 'c4dda2a4-0ce7-468d-94d5-5a9e38748930', now() - interval '41 day', '3465094c-5545-4007-a7bc-da2b1a88d9dc', '', 4);
INSERT INTO vote (id, voting_id, created_at, created_by, comment, score) VALUES ('e5ba2daf-1f60-4f83-83f0-a0c0dc5e0c28', 'c4dda2a4-0ce7-468d-94d5-5a9e38748930', now() - interval '41 day', 'a071fa9d-d19f-493b-bb7e-e77aac0eb917', 'Dolorem magnam consectetur etincidunt velit sit porro adipisci.', 4);
INSERT INTO vote (id, voting_id, created_at, created_by, comment, score) VALUES ('c42cd5d0-8c3a-4f67-84bf-fa5b33334b51', 'c4dda2a4-0ce7-468d-94d5-5a9e38748930', now() - interval '41 day', 'c87f5c9d-0b8c-4673-80bb-600e8c61e33c', '', 4);
INSERT INTO vote (id, voting_id, created_at, created_by, comment, score) VALUES ('29c0b49d-a8ea-4f75-8d8a-ef464802d742', 'c4dda2a4-0ce7-468d-94d5-5a9e38748930', now() - interval '41 day', 'e5d0d6c1-1691-4a61-9ccd-99f9c35ab8fb', 'Adipisci neque consectetur ut est.', 1);
INSERT INTO vote (id, voting_id, created_at, created_by, comment, score) VALUES ('95e255a2-f16d-467b-9b0e-1637f3e893a8', 'c4dda2a4-0ce7-468d-94d5-5a9e38748930', now() - interval '41 day', '28f4ead5-0c4f-4f92-bcba-659ce89a61bd', 'Labore tempora aliquam adipisci numquam.', 3);

INSERT INTO voting (id, group_id, voting_stats_id, created_at, created_by, expired) VALUES ('e37ddee7-73d2-4e30-a00e-52695fc0491e', 'd5847624-4b50-4d4a-abd3-ed9209a5448b', '2bf28e1f-bf0e-47c5-b7a9-53d8dd431672', now() - interval '42 day', 'd0183ab5-58d9-4e5e-873a-840d6b18f38c', true);
INSERT INTO voting_stats (id, voting_id, created_at, average) VALUES ('2bf28e1f-bf0e-47c5-b7a9-53d8dd431672', 'e37ddee7-73d2-4e30-a00e-52695fc0491e', now(), 2.83);
INSERT INTO vote (id, voting_id, created_at, created_by, comment, score) VALUES ('e0f38d23-cd2d-4344-9ef8-61da9eeb5455', 'e37ddee7-73d2-4e30-a00e-52695fc0491e', now() - interval '42 day', 'd0183ab5-58d9-4e5e-873a-840d6b18f38c', 'Dolor numquam ut ipsum ut dolor.', 5);
INSERT INTO vote (id, voting_id, created_at, created_by, comment, score) VALUES ('1632f3ad-7ab0-4ff2-ad51-6e76ab3c1354', 'e37ddee7-73d2-4e30-a00e-52695fc0491e', now() - interval '42 day', '3465094c-5545-4007-a7bc-da2b1a88d9dc', 'Modi ut porro neque porro sit labore.', 3);
INSERT INTO vote (id, voting_id, created_at, created_by, comment, score) VALUES ('0837248b-608b-4e76-82cf-b16915bcc784', 'e37ddee7-73d2-4e30-a00e-52695fc0491e', now() - interval '42 day', 'a071fa9d-d19f-493b-bb7e-e77aac0eb917', '', 1);
INSERT INTO vote (id, voting_id, created_at, created_by, comment, score) VALUES ('7233a0a6-9127-4233-bd7d-543c14309f2e', 'e37ddee7-73d2-4e30-a00e-52695fc0491e', now() - interval '42 day', 'c87f5c9d-0b8c-4673-80bb-600e8c61e33c', 'Dolorem adipisci labore amet modi consectetur.', 2);
INSERT INTO vote (id, voting_id, created_at, created_by, comment, score) VALUES ('5e167d91-3348-4182-9ab1-a53870cb65f8', 'e37ddee7-73d2-4e30-a00e-52695fc0491e', now() - interval '42 day', 'e5d0d6c1-1691-4a61-9ccd-99f9c35ab8fb', 'Labore quisquam modi etincidunt velit ipsum dolorem.', 5);
INSERT INTO vote (id, voting_id, created_at, created_by, comment, score) VALUES ('3ed02bb8-73d2-4db9-b561-642cb03c786a', 'e37ddee7-73d2-4e30-a00e-52695fc0491e', now() - interval '42 day', '28f4ead5-0c4f-4f92-bcba-659ce89a61bd', 'Quaerat dolore etincidunt sit dolore etincidunt modi.', 1);

INSERT INTO voting (id, group_id, voting_stats_id, created_at, created_by, expired) VALUES ('917d538d-5fd6-418a-9ed0-31579e3025b5', 'd5847624-4b50-4d4a-abd3-ed9209a5448b', '8d13cb0e-3c89-425e-ae27-136d9013c35b', now() - interval '43 day', 'd0183ab5-58d9-4e5e-873a-840d6b18f38c', true);
INSERT INTO voting_stats (id, voting_id, created_at, average) VALUES ('8d13cb0e-3c89-425e-ae27-136d9013c35b', '917d538d-5fd6-418a-9ed0-31579e3025b5', now(), 3.5);
INSERT INTO vote (id, voting_id, created_at, created_by, comment, score) VALUES ('1c652d78-c125-4560-81e1-3e46269be8e6', '917d538d-5fd6-418a-9ed0-31579e3025b5', now() - interval '43 day', 'd0183ab5-58d9-4e5e-873a-840d6b18f38c', 'Dolor magnam dolorem quiquia sed numquam.', 5);
INSERT INTO vote (id, voting_id, created_at, created_by, comment, score) VALUES ('228bc0c1-a4ae-4058-b268-8836e1ebea33', '917d538d-5fd6-418a-9ed0-31579e3025b5', now() - interval '43 day', '3465094c-5545-4007-a7bc-da2b1a88d9dc', 'Ut consectetur numquam ipsum ut quaerat labore magnam.', 4);
INSERT INTO vote (id, voting_id, created_at, created_by, comment, score) VALUES ('23a30f4c-89ef-4f25-b35e-83dcd66cf95f', '917d538d-5fd6-418a-9ed0-31579e3025b5', now() - interval '43 day', NULL, '', 3);
INSERT INTO vote (id, voting_id, created_at, created_by, comment, score) VALUES ('10d3ac4b-104e-490c-b4ca-2d8d61add67d', '917d538d-5fd6-418a-9ed0-31579e3025b5', now() - interval '43 day', 'c87f5c9d-0b8c-4673-80bb-600e8c61e33c', '', 5);
INSERT INTO vote (id, voting_id, created_at, created_by, comment, score) VALUES ('fc85a941-efec-4b39-bea2-8904390d6dff', '917d538d-5fd6-418a-9ed0-31579e3025b5', now() - interval '43 day', 'e5d0d6c1-1691-4a61-9ccd-99f9c35ab8fb', 'Quisquam magnam etincidunt est ipsum numquam.', 3);
INSERT INTO vote (id, voting_id, created_at, created_by, comment, score) VALUES ('bcb0fd00-862a-434a-b9aa-2f47e5d7ec41', '917d538d-5fd6-418a-9ed0-31579e3025b5', now() - interval '43 day', '28f4ead5-0c4f-4f92-bcba-659ce89a61bd', '', 1);

INSERT INTO voting (id, group_id, voting_stats_id, created_at, created_by, expired) VALUES ('d39c4719-64d4-4615-bb48-1efc0d2e241d', 'd5847624-4b50-4d4a-abd3-ed9209a5448b', 'f0ccaaf8-438f-4e74-affd-a45f8e629a94', now() - interval '46 day', 'd0183ab5-58d9-4e5e-873a-840d6b18f38c', true);
INSERT INTO voting_stats (id, voting_id, created_at, average) VALUES ('f0ccaaf8-438f-4e74-affd-a45f8e629a94', 'd39c4719-64d4-4615-bb48-1efc0d2e241d', now(), 3.33);
INSERT INTO vote (id, voting_id, created_at, created_by, comment, score) VALUES ('1c4dd4ee-1837-497b-869b-35279c5907b8', 'd39c4719-64d4-4615-bb48-1efc0d2e241d', now() - interval '46 day', NULL, 'Ipsum neque labore tempora neque consectetur eius etincidunt.', 2);
INSERT INTO vote (id, voting_id, created_at, created_by, comment, score) VALUES ('4455245e-7dca-4b4f-b201-145e9a0660ff', 'd39c4719-64d4-4615-bb48-1efc0d2e241d', now() - interval '46 day', '3465094c-5545-4007-a7bc-da2b1a88d9dc', 'Sit amet porro adipisci sit.', 4);
INSERT INTO vote (id, voting_id, created_at, created_by, comment, score) VALUES ('7d5a6c56-c8a8-4ad5-94ac-5b4957ec2b82', 'd39c4719-64d4-4615-bb48-1efc0d2e241d', now() - interval '46 day', 'a071fa9d-d19f-493b-bb7e-e77aac0eb917', '', 4);
INSERT INTO vote (id, voting_id, created_at, created_by, comment, score) VALUES ('75c63457-d67a-4258-8445-9e2697ac5073', 'd39c4719-64d4-4615-bb48-1efc0d2e241d', now() - interval '46 day', NULL, 'Porro etincidunt est non.', 5);
INSERT INTO vote (id, voting_id, created_at, created_by, comment, score) VALUES ('67b2e639-7d93-4ac3-812f-53f87de4195e', 'd39c4719-64d4-4615-bb48-1efc0d2e241d', now() - interval '46 day', 'e5d0d6c1-1691-4a61-9ccd-99f9c35ab8fb', 'Neque labore neque ipsum quiquia aliquam quaerat.', 1);
INSERT INTO vote (id, voting_id, created_at, created_by, comment, score) VALUES ('2280c8d4-9f1c-4bcf-b8c5-286e2e456f8c', 'd39c4719-64d4-4615-bb48-1efc0d2e241d', now() - interval '46 day', '28f4ead5-0c4f-4f92-bcba-659ce89a61bd', '', 4);

INSERT INTO voting (id, group_id, voting_stats_id, created_at, created_by, expired) VALUES ('27d3a922-cf8f-43ec-8bf6-420f35a1e441', 'd5847624-4b50-4d4a-abd3-ed9209a5448b', '857bd1b0-156a-4a9e-8db4-4743475a5958', now() - interval '47 day', 'd0183ab5-58d9-4e5e-873a-840d6b18f38c', true);
INSERT INTO voting_stats (id, voting_id, created_at, average) VALUES ('857bd1b0-156a-4a9e-8db4-4743475a5958', '27d3a922-cf8f-43ec-8bf6-420f35a1e441', now(), 3.16);
INSERT INTO vote (id, voting_id, created_at, created_by, comment, score) VALUES ('7e19bae7-1c79-4a6b-82db-33800af6fa34', '27d3a922-cf8f-43ec-8bf6-420f35a1e441', now() - interval '47 day', 'd0183ab5-58d9-4e5e-873a-840d6b18f38c', '', 3);
INSERT INTO vote (id, voting_id, created_at, created_by, comment, score) VALUES ('2b8a6834-d29d-47e0-bfe0-ba85a80192f7', '27d3a922-cf8f-43ec-8bf6-420f35a1e441', now() - interval '47 day', '3465094c-5545-4007-a7bc-da2b1a88d9dc', 'Magnam sed ipsum quaerat ut est quiquia velit.', 2);
INSERT INTO vote (id, voting_id, created_at, created_by, comment, score) VALUES ('4498c24d-a36f-43c8-a700-3bd0a90d89e4', '27d3a922-cf8f-43ec-8bf6-420f35a1e441', now() - interval '47 day', 'a071fa9d-d19f-493b-bb7e-e77aac0eb917', '', 3);
INSERT INTO vote (id, voting_id, created_at, created_by, comment, score) VALUES ('ab57c70c-21d6-4e46-8b62-b683ef99f761', '27d3a922-cf8f-43ec-8bf6-420f35a1e441', now() - interval '47 day', NULL, 'Velit etincidunt aliquam etincidunt sit.', 4);
INSERT INTO vote (id, voting_id, created_at, created_by, comment, score) VALUES ('fa3773af-8fe5-4511-9198-b0e6af61aa92', '27d3a922-cf8f-43ec-8bf6-420f35a1e441', now() - interval '47 day', 'e5d0d6c1-1691-4a61-9ccd-99f9c35ab8fb', '', 5);
INSERT INTO vote (id, voting_id, created_at, created_by, comment, score) VALUES ('98d15826-6cf4-47eb-a573-00e0eaec3b19', '27d3a922-cf8f-43ec-8bf6-420f35a1e441', now() - interval '47 day', NULL, 'Consectetur amet aliquam labore.', 2);

INSERT INTO voting (id, group_id, voting_stats_id, created_at, created_by, expired) VALUES ('c91458f8-3236-4703-ad56-d45eb4fab64e', 'd5847624-4b50-4d4a-abd3-ed9209a5448b', 'f79193f3-5c6b-452a-bf42-2926d452c5c3', now() - interval '48 day', 'd0183ab5-58d9-4e5e-873a-840d6b18f38c', true);
INSERT INTO voting_stats (id, voting_id, created_at, average) VALUES ('f79193f3-5c6b-452a-bf42-2926d452c5c3', 'c91458f8-3236-4703-ad56-d45eb4fab64e', now(), 3.66);
INSERT INTO vote (id, voting_id, created_at, created_by, comment, score) VALUES ('b2d2e5d5-8df2-4a9a-8986-5ba46c3243e3', 'c91458f8-3236-4703-ad56-d45eb4fab64e', now() - interval '48 day', 'd0183ab5-58d9-4e5e-873a-840d6b18f38c', 'Quaerat porro est tempora labore etincidunt magnam numquam.', 1);
INSERT INTO vote (id, voting_id, created_at, created_by, comment, score) VALUES ('49e349cc-ec12-4cbb-b89e-a8bbc7417c45', 'c91458f8-3236-4703-ad56-d45eb4fab64e', now() - interval '48 day', NULL, 'Consectetur neque eius ut etincidunt ut ipsum ut.', 1);
INSERT INTO vote (id, voting_id, created_at, created_by, comment, score) VALUES ('fa62e473-a27f-44f1-ad33-97e0ea1182e8', 'c91458f8-3236-4703-ad56-d45eb4fab64e', now() - interval '48 day', 'a071fa9d-d19f-493b-bb7e-e77aac0eb917', 'Ipsum numquam tempora quiquia quisquam.', 5);
INSERT INTO vote (id, voting_id, created_at, created_by, comment, score) VALUES ('df4fb7f1-862f-4d95-b3d3-fef981e56d5e', 'c91458f8-3236-4703-ad56-d45eb4fab64e', now() - interval '48 day', NULL, 'Adipisci etincidunt porro velit magnam porro.', 5);
INSERT INTO vote (id, voting_id, created_at, created_by, comment, score) VALUES ('4ef2671f-c457-47d0-991c-7f13a5113962', 'c91458f8-3236-4703-ad56-d45eb4fab64e', now() - interval '48 day', 'e5d0d6c1-1691-4a61-9ccd-99f9c35ab8fb', 'Quaerat adipisci sit non numquam.', 5);
INSERT INTO vote (id, voting_id, created_at, created_by, comment, score) VALUES ('11a7c475-ded6-4808-bc21-2cdd540261e4', 'c91458f8-3236-4703-ad56-d45eb4fab64e', now() - interval '48 day', '28f4ead5-0c4f-4f92-bcba-659ce89a61bd', '', 5);

INSERT INTO voting (id, group_id, voting_stats_id, created_at, created_by, expired) VALUES ('b93ff591-3a6c-4b45-9c22-ee46cf2005e1', 'd5847624-4b50-4d4a-abd3-ed9209a5448b', 'fffc6101-b562-4be7-ab1f-cb507d024641', now() - interval '49 day', 'd0183ab5-58d9-4e5e-873a-840d6b18f38c', true);
INSERT INTO voting_stats (id, voting_id, created_at, average) VALUES ('fffc6101-b562-4be7-ab1f-cb507d024641', 'b93ff591-3a6c-4b45-9c22-ee46cf2005e1', now(), 2.16);
INSERT INTO vote (id, voting_id, created_at, created_by, comment, score) VALUES ('06f59c40-69d5-4be6-a598-c7f081d6b1a0', 'b93ff591-3a6c-4b45-9c22-ee46cf2005e1', now() - interval '49 day', NULL, 'Sed dolor quaerat neque.', 2);
INSERT INTO vote (id, voting_id, created_at, created_by, comment, score) VALUES ('6c88a6a9-1e7f-4eaf-99b4-cbcd1c86fc38', 'b93ff591-3a6c-4b45-9c22-ee46cf2005e1', now() - interval '49 day', '3465094c-5545-4007-a7bc-da2b1a88d9dc', '', 2);
INSERT INTO vote (id, voting_id, created_at, created_by, comment, score) VALUES ('29d5ba7a-053b-425f-b018-4372205f56e6', 'b93ff591-3a6c-4b45-9c22-ee46cf2005e1', now() - interval '49 day', NULL, 'Tempora aliquam etincidunt modi est.', 1);
INSERT INTO vote (id, voting_id, created_at, created_by, comment, score) VALUES ('a888f9ef-5d9a-4b7b-a978-a3bea3346703', 'b93ff591-3a6c-4b45-9c22-ee46cf2005e1', now() - interval '49 day', 'c87f5c9d-0b8c-4673-80bb-600e8c61e33c', '', 4);
INSERT INTO vote (id, voting_id, created_at, created_by, comment, score) VALUES ('fd287e8a-cb0a-4dd1-b26e-97a5eff3c68b', 'b93ff591-3a6c-4b45-9c22-ee46cf2005e1', now() - interval '49 day', 'e5d0d6c1-1691-4a61-9ccd-99f9c35ab8fb', 'Amet aliquam neque neque ipsum.', 2);
INSERT INTO vote (id, voting_id, created_at, created_by, comment, score) VALUES ('59b4f3ba-ed1a-4794-be91-5832d97c62a4', 'b93ff591-3a6c-4b45-9c22-ee46cf2005e1', now() - interval '49 day', '28f4ead5-0c4f-4f92-bcba-659ce89a61bd', 'Sit quaerat neque non labore labore.', 2);

INSERT INTO voting (id, group_id, voting_stats_id, created_at, created_by, expired) VALUES ('e9069eb2-5f39-40ff-96ae-b7123c0356f7', 'd5847624-4b50-4d4a-abd3-ed9209a5448b', '4fd8b9a0-96e9-4e6e-b98a-2e7325dd3645', now() - interval '50 day', 'd0183ab5-58d9-4e5e-873a-840d6b18f38c', true);
INSERT INTO voting_stats (id, voting_id, created_at, average) VALUES ('4fd8b9a0-96e9-4e6e-b98a-2e7325dd3645', 'e9069eb2-5f39-40ff-96ae-b7123c0356f7', now(), 4);
INSERT INTO vote (id, voting_id, created_at, created_by, comment, score) VALUES ('743a01b3-8a54-46b9-879d-af02ea828d60', 'e9069eb2-5f39-40ff-96ae-b7123c0356f7', now() - interval '50 day', 'd0183ab5-58d9-4e5e-873a-840d6b18f38c', 'Ut magnam sit sit sed amet dolor.', 5);
INSERT INTO vote (id, voting_id, created_at, created_by, comment, score) VALUES ('728cc1ba-0420-4abf-99b8-d467929a31d4', 'e9069eb2-5f39-40ff-96ae-b7123c0356f7', now() - interval '50 day', '3465094c-5545-4007-a7bc-da2b1a88d9dc', 'Aliquam neque sit adipisci ipsum amet.', 4);
INSERT INTO vote (id, voting_id, created_at, created_by, comment, score) VALUES ('6a3fa2d6-cf5d-4e0e-a8e9-52ba9c9f6059', 'e9069eb2-5f39-40ff-96ae-b7123c0356f7', now() - interval '50 day', 'a071fa9d-d19f-493b-bb7e-e77aac0eb917', 'Consectetur porro ipsum modi voluptatem.', 5);
INSERT INTO vote (id, voting_id, created_at, created_by, comment, score) VALUES ('b44d3faa-a84d-48fb-b945-d52167c563e4', 'e9069eb2-5f39-40ff-96ae-b7123c0356f7', now() - interval '50 day', 'c87f5c9d-0b8c-4673-80bb-600e8c61e33c', 'Amet amet amet ipsum eius sit dolorem velit.', 1);
INSERT INTO vote (id, voting_id, created_at, created_by, comment, score) VALUES ('22c43462-972b-4dae-8b72-57471fb00f7e', 'e9069eb2-5f39-40ff-96ae-b7123c0356f7', now() - interval '50 day', NULL, 'Porro voluptatem consectetur voluptatem consectetur non aliquam.', 4);
INSERT INTO vote (id, voting_id, created_at, created_by, comment, score) VALUES ('a33470ba-f306-4fc2-a342-c8742e165c8b', 'e9069eb2-5f39-40ff-96ae-b7123c0356f7', now() - interval '50 day', '28f4ead5-0c4f-4f92-bcba-659ce89a61bd', 'Numquam neque consectetur amet.', 5);

INSERT INTO voting (id, group_id, voting_stats_id, created_at, created_by, expired) VALUES ('a5ebc2f7-71f2-4ca1-bc0d-a36eef0753d0', 'd5847624-4b50-4d4a-abd3-ed9209a5448b', '68246922-a2eb-436a-9249-3c7542b199c0', now() - interval '53 day', 'd0183ab5-58d9-4e5e-873a-840d6b18f38c', true);
INSERT INTO voting_stats (id, voting_id, created_at, average) VALUES ('68246922-a2eb-436a-9249-3c7542b199c0', 'a5ebc2f7-71f2-4ca1-bc0d-a36eef0753d0', now(), 4.16);
INSERT INTO vote (id, voting_id, created_at, created_by, comment, score) VALUES ('7f2c188e-b504-47b3-bdb8-290c0ea0d0a2', 'a5ebc2f7-71f2-4ca1-bc0d-a36eef0753d0', now() - interval '53 day', 'd0183ab5-58d9-4e5e-873a-840d6b18f38c', 'Velit numquam numquam labore adipisci.', 5);
INSERT INTO vote (id, voting_id, created_at, created_by, comment, score) VALUES ('5f556839-f3be-4be4-a374-6d04d265f45c', 'a5ebc2f7-71f2-4ca1-bc0d-a36eef0753d0', now() - interval '53 day', '3465094c-5545-4007-a7bc-da2b1a88d9dc', '', 4);
INSERT INTO vote (id, voting_id, created_at, created_by, comment, score) VALUES ('884ac1cf-1ed0-4357-af53-ad0986c63ba6', 'a5ebc2f7-71f2-4ca1-bc0d-a36eef0753d0', now() - interval '53 day', 'a071fa9d-d19f-493b-bb7e-e77aac0eb917', '', 5);
INSERT INTO vote (id, voting_id, created_at, created_by, comment, score) VALUES ('b3261b93-e9cf-4315-92d8-7365498b7e74', 'a5ebc2f7-71f2-4ca1-bc0d-a36eef0753d0', now() - interval '53 day', 'c87f5c9d-0b8c-4673-80bb-600e8c61e33c', '', 3);
INSERT INTO vote (id, voting_id, created_at, created_by, comment, score) VALUES ('1f31f3e0-3af6-4b5d-b491-52dcdbc8e959', 'a5ebc2f7-71f2-4ca1-bc0d-a36eef0753d0', now() - interval '53 day', 'e5d0d6c1-1691-4a61-9ccd-99f9c35ab8fb', 'Sit quiquia labore consectetur.', 4);
INSERT INTO vote (id, voting_id, created_at, created_by, comment, score) VALUES ('06d9f892-8586-44da-8d1b-c9eeb40069dd', 'a5ebc2f7-71f2-4ca1-bc0d-a36eef0753d0', now() - interval '53 day', '28f4ead5-0c4f-4f92-bcba-659ce89a61bd', 'Sed non magnam ipsum est.', 4);

INSERT INTO voting (id, group_id, voting_stats_id, created_at, created_by, expired) VALUES ('41bf4e95-84b7-4519-a3ac-088021ef3594', 'd5847624-4b50-4d4a-abd3-ed9209a5448b', '18e29780-6dd0-432e-8793-5be5726965bb', now() - interval '54 day', 'd0183ab5-58d9-4e5e-873a-840d6b18f38c', true);
INSERT INTO voting_stats (id, voting_id, created_at, average) VALUES ('18e29780-6dd0-432e-8793-5be5726965bb', '41bf4e95-84b7-4519-a3ac-088021ef3594', now(), 1.5);
INSERT INTO vote (id, voting_id, created_at, created_by, comment, score) VALUES ('a3e872a0-19c2-447e-93c9-2e913b081783', '41bf4e95-84b7-4519-a3ac-088021ef3594', now() - interval '54 day', 'd0183ab5-58d9-4e5e-873a-840d6b18f38c', 'Non etincidunt dolore non sit.', 1);
INSERT INTO vote (id, voting_id, created_at, created_by, comment, score) VALUES ('e0607c1b-e84e-49c5-8346-f41fbb426433', '41bf4e95-84b7-4519-a3ac-088021ef3594', now() - interval '54 day', '3465094c-5545-4007-a7bc-da2b1a88d9dc', 'Ut ut est non neque porro consectetur.', 2);
INSERT INTO vote (id, voting_id, created_at, created_by, comment, score) VALUES ('639cf84a-2925-4aac-8442-8a28be60086a', '41bf4e95-84b7-4519-a3ac-088021ef3594', now() - interval '54 day', 'a071fa9d-d19f-493b-bb7e-e77aac0eb917', 'Eius dolore aliquam aliquam sed.', 2);
INSERT INTO vote (id, voting_id, created_at, created_by, comment, score) VALUES ('7bf4205b-f184-4017-8687-2b34576ded86', '41bf4e95-84b7-4519-a3ac-088021ef3594', now() - interval '54 day', 'c87f5c9d-0b8c-4673-80bb-600e8c61e33c', '', 1);
INSERT INTO vote (id, voting_id, created_at, created_by, comment, score) VALUES ('0f2e7b9a-9afe-40a3-92d5-291c82e5c4fa', '41bf4e95-84b7-4519-a3ac-088021ef3594', now() - interval '54 day', NULL, '', 1);
INSERT INTO vote (id, voting_id, created_at, created_by, comment, score) VALUES ('b8da88d9-ba38-4db6-983a-75562c7d72b3', '41bf4e95-84b7-4519-a3ac-088021ef3594', now() - interval '54 day', '28f4ead5-0c4f-4f92-bcba-659ce89a61bd', 'Sit quisquam ut amet velit est modi dolorem.', 2);

INSERT INTO voting (id, group_id, voting_stats_id, created_at, created_by, expired) VALUES ('d8fda16a-c70c-4a56-a4f2-ac729e007ae3', 'd5847624-4b50-4d4a-abd3-ed9209a5448b', 'e52b3b29-8917-4e6b-a2f0-8169cded54c0', now() - interval '55 day', 'd0183ab5-58d9-4e5e-873a-840d6b18f38c', true);
INSERT INTO voting_stats (id, voting_id, created_at, average) VALUES ('e52b3b29-8917-4e6b-a2f0-8169cded54c0', 'd8fda16a-c70c-4a56-a4f2-ac729e007ae3', now(), 2.83);
INSERT INTO vote (id, voting_id, created_at, created_by, comment, score) VALUES ('b58d08f2-9f96-44a9-a3ac-ecebbd25dc9d', 'd8fda16a-c70c-4a56-a4f2-ac729e007ae3', now() - interval '55 day', 'd0183ab5-58d9-4e5e-873a-840d6b18f38c', '', 2);
INSERT INTO vote (id, voting_id, created_at, created_by, comment, score) VALUES ('0d6be4c1-763e-4348-844d-ed2025195a4f', 'd8fda16a-c70c-4a56-a4f2-ac729e007ae3', now() - interval '55 day', NULL, 'Quiquia modi magnam dolorem numquam sit eius sit.', 4);
INSERT INTO vote (id, voting_id, created_at, created_by, comment, score) VALUES ('6bb11450-65a1-4807-ae3b-1c6ed61610a9', 'd8fda16a-c70c-4a56-a4f2-ac729e007ae3', now() - interval '55 day', 'a071fa9d-d19f-493b-bb7e-e77aac0eb917', 'Quaerat porro quaerat dolorem.', 1);
INSERT INTO vote (id, voting_id, created_at, created_by, comment, score) VALUES ('53925f13-cee8-4e4c-9bd4-d7be0cee8964', 'd8fda16a-c70c-4a56-a4f2-ac729e007ae3', now() - interval '55 day', 'c87f5c9d-0b8c-4673-80bb-600e8c61e33c', 'Magnam ut porro eius consectetur voluptatem dolore quisquam.', 4);
INSERT INTO vote (id, voting_id, created_at, created_by, comment, score) VALUES ('be9bc218-c612-4350-b7f4-9b1c3f3f32f0', 'd8fda16a-c70c-4a56-a4f2-ac729e007ae3', now() - interval '55 day', 'e5d0d6c1-1691-4a61-9ccd-99f9c35ab8fb', 'Tempora ut etincidunt velit numquam velit.', 5);
INSERT INTO vote (id, voting_id, created_at, created_by, comment, score) VALUES ('8fad0de0-79c2-4d48-8708-a17f6c556f42', 'd8fda16a-c70c-4a56-a4f2-ac729e007ae3', now() - interval '55 day', '28f4ead5-0c4f-4f92-bcba-659ce89a61bd', 'Tempora ut amet sed dolor sed voluptatem.', 1);

INSERT INTO voting (id, group_id, voting_stats_id, created_at, created_by, expired) VALUES ('57cd8ebb-33d0-431b-8946-705702fdbb92', 'd5847624-4b50-4d4a-abd3-ed9209a5448b', 'b3576bc7-2cb4-4680-9445-bda0bc615238', now() - interval '56 day', 'd0183ab5-58d9-4e5e-873a-840d6b18f38c', true);
INSERT INTO voting_stats (id, voting_id, created_at, average) VALUES ('b3576bc7-2cb4-4680-9445-bda0bc615238', '57cd8ebb-33d0-431b-8946-705702fdbb92', now(), 2.5);
INSERT INTO vote (id, voting_id, created_at, created_by, comment, score) VALUES ('aa4326c9-27d5-45be-9996-aac980c106cc', '57cd8ebb-33d0-431b-8946-705702fdbb92', now() - interval '56 day', 'd0183ab5-58d9-4e5e-873a-840d6b18f38c', 'Quiquia dolor voluptatem sed aliquam.', 1);
INSERT INTO vote (id, voting_id, created_at, created_by, comment, score) VALUES ('3f7595d9-20bc-4534-ac17-3c02b9e5ba0e', '57cd8ebb-33d0-431b-8946-705702fdbb92', now() - interval '56 day', '3465094c-5545-4007-a7bc-da2b1a88d9dc', 'Porro tempora magnam voluptatem adipisci voluptatem sit quaerat.', 3);
INSERT INTO vote (id, voting_id, created_at, created_by, comment, score) VALUES ('44359c75-f280-4fcf-afea-affc88fdcf01', '57cd8ebb-33d0-431b-8946-705702fdbb92', now() - interval '56 day', 'a071fa9d-d19f-493b-bb7e-e77aac0eb917', 'Dolor labore est labore eius.', 3);
INSERT INTO vote (id, voting_id, created_at, created_by, comment, score) VALUES ('30c790f2-908c-4019-a51a-32a379a424a5', '57cd8ebb-33d0-431b-8946-705702fdbb92', now() - interval '56 day', NULL, 'Porro numquam consectetur sed.', 4);
INSERT INTO vote (id, voting_id, created_at, created_by, comment, score) VALUES ('850eb9fc-882e-46ee-a730-ee942dcaffd3', '57cd8ebb-33d0-431b-8946-705702fdbb92', now() - interval '56 day', 'e5d0d6c1-1691-4a61-9ccd-99f9c35ab8fb', '', 2);
INSERT INTO vote (id, voting_id, created_at, created_by, comment, score) VALUES ('249a2f56-848b-4b32-a5cb-77a7aaef3f82', '57cd8ebb-33d0-431b-8946-705702fdbb92', now() - interval '56 day', '28f4ead5-0c4f-4f92-bcba-659ce89a61bd', '', 2);

INSERT INTO voting (id, group_id, voting_stats_id, created_at, created_by, expired) VALUES ('181aef9d-879e-44d7-9ca7-2761eb4ef30b', 'd5847624-4b50-4d4a-abd3-ed9209a5448b', '612b08c5-b9e5-4490-a17a-54d3d56def5f', now() - interval '57 day', 'd0183ab5-58d9-4e5e-873a-840d6b18f38c', true);
INSERT INTO voting_stats (id, voting_id, created_at, average) VALUES ('612b08c5-b9e5-4490-a17a-54d3d56def5f', '181aef9d-879e-44d7-9ca7-2761eb4ef30b', now(), 3);
INSERT INTO vote (id, voting_id, created_at, created_by, comment, score) VALUES ('5cfdd2d5-ec10-4d65-9da5-dc4bc16b2978', '181aef9d-879e-44d7-9ca7-2761eb4ef30b', now() - interval '57 day', 'd0183ab5-58d9-4e5e-873a-840d6b18f38c', 'Quisquam porro modi magnam velit neque dolorem consectetur.', 4);
INSERT INTO vote (id, voting_id, created_at, created_by, comment, score) VALUES ('282f12de-4cc9-461a-a3be-b01c50655ae9', '181aef9d-879e-44d7-9ca7-2761eb4ef30b', now() - interval '57 day', '3465094c-5545-4007-a7bc-da2b1a88d9dc', 'Non quiquia non magnam est porro quiquia ut.', 3);
INSERT INTO vote (id, voting_id, created_at, created_by, comment, score) VALUES ('5799bd51-317d-41c0-a74b-cc73f1135807', '181aef9d-879e-44d7-9ca7-2761eb4ef30b', now() - interval '57 day', 'a071fa9d-d19f-493b-bb7e-e77aac0eb917', 'Non quaerat velit non.', 2);
INSERT INTO vote (id, voting_id, created_at, created_by, comment, score) VALUES ('0cb04028-0632-466d-b64b-930760dc65f6', '181aef9d-879e-44d7-9ca7-2761eb4ef30b', now() - interval '57 day', NULL, 'Eius eius velit porro dolorem est sed quaerat.', 2);
INSERT INTO vote (id, voting_id, created_at, created_by, comment, score) VALUES ('3075230d-e218-4f37-86fa-7286fbbeee99', '181aef9d-879e-44d7-9ca7-2761eb4ef30b', now() - interval '57 day', 'e5d0d6c1-1691-4a61-9ccd-99f9c35ab8fb', 'Est eius non adipisci labore dolorem.', 2);
INSERT INTO vote (id, voting_id, created_at, created_by, comment, score) VALUES ('608e5e6d-a974-4c1f-92fd-bc73d012c6a1', '181aef9d-879e-44d7-9ca7-2761eb4ef30b', now() - interval '57 day', '28f4ead5-0c4f-4f92-bcba-659ce89a61bd', 'Aliquam velit sit dolorem.', 5);

INSERT INTO voting (id, group_id, voting_stats_id, created_at, created_by, expired) VALUES ('c2d6936e-2ff9-47bc-bca2-7c5e2cde5680', 'd5847624-4b50-4d4a-abd3-ed9209a5448b', '6a6bf043-d305-43db-bfdd-956471dcde35', now() - interval '60 day', 'd0183ab5-58d9-4e5e-873a-840d6b18f38c', true);
INSERT INTO voting_stats (id, voting_id, created_at, average) VALUES ('6a6bf043-d305-43db-bfdd-956471dcde35', 'c2d6936e-2ff9-47bc-bca2-7c5e2cde5680', now(), 3.33);
INSERT INTO vote (id, voting_id, created_at, created_by, comment, score) VALUES ('d06faf19-0319-4bc4-955c-35b355e73f69', 'c2d6936e-2ff9-47bc-bca2-7c5e2cde5680', now() - interval '60 day', 'd0183ab5-58d9-4e5e-873a-840d6b18f38c', 'Aliquam quaerat adipisci voluptatem.', 4);
INSERT INTO vote (id, voting_id, created_at, created_by, comment, score) VALUES ('c287a25e-84eb-4db1-82cf-c1b51804b777', 'c2d6936e-2ff9-47bc-bca2-7c5e2cde5680', now() - interval '60 day', '3465094c-5545-4007-a7bc-da2b1a88d9dc', '', 4);
INSERT INTO vote (id, voting_id, created_at, created_by, comment, score) VALUES ('2d9e1192-9062-4133-8bb1-38edeebc51bd', 'c2d6936e-2ff9-47bc-bca2-7c5e2cde5680', now() - interval '60 day', 'a071fa9d-d19f-493b-bb7e-e77aac0eb917', 'Ipsum dolorem velit dolore quiquia.', 4);
INSERT INTO vote (id, voting_id, created_at, created_by, comment, score) VALUES ('e7413010-e9f9-4b6f-9f4d-ecb4c84184bf', 'c2d6936e-2ff9-47bc-bca2-7c5e2cde5680', now() - interval '60 day', 'c87f5c9d-0b8c-4673-80bb-600e8c61e33c', 'Quiquia quisquam consectetur sed ipsum ut quisquam.', 2);
INSERT INTO vote (id, voting_id, created_at, created_by, comment, score) VALUES ('0206462b-8231-4d31-a903-a5ac8e4de615', 'c2d6936e-2ff9-47bc-bca2-7c5e2cde5680', now() - interval '60 day', NULL, 'Magnam non neque sed consectetur aliquam.', 4);
INSERT INTO vote (id, voting_id, created_at, created_by, comment, score) VALUES ('6ddf5163-1ba1-4849-8184-c3743eb47df8', 'c2d6936e-2ff9-47bc-bca2-7c5e2cde5680', now() - interval '60 day', '28f4ead5-0c4f-4f92-bcba-659ce89a61bd', 'Dolor neque ut velit modi neque ut.', 2);

INSERT INTO voting (id, group_id, voting_stats_id, created_at, created_by, expired) VALUES ('01d7befc-7997-4a33-8dd9-b71ada885032', 'd5847624-4b50-4d4a-abd3-ed9209a5448b', 'e072362b-2e57-4af2-8676-2482a3cb2800', now() - interval '61 day', 'd0183ab5-58d9-4e5e-873a-840d6b18f38c', true);
INSERT INTO voting_stats (id, voting_id, created_at, average) VALUES ('e072362b-2e57-4af2-8676-2482a3cb2800', '01d7befc-7997-4a33-8dd9-b71ada885032', now(), 2.66);
INSERT INTO vote (id, voting_id, created_at, created_by, comment, score) VALUES ('c7b9ede7-96c8-4860-b90e-8d6949ab1d4a', '01d7befc-7997-4a33-8dd9-b71ada885032', now() - interval '61 day', 'd0183ab5-58d9-4e5e-873a-840d6b18f38c', 'Magnam voluptatem ut ut amet.', 1);
INSERT INTO vote (id, voting_id, created_at, created_by, comment, score) VALUES ('70634a44-b3c3-4951-acaf-0b8c7ff2b396', '01d7befc-7997-4a33-8dd9-b71ada885032', now() - interval '61 day', NULL, 'Labore sed quiquia numquam magnam est aliquam.', 4);
INSERT INTO vote (id, voting_id, created_at, created_by, comment, score) VALUES ('deda18b8-4553-4b74-ac9f-53d8aaade34d', '01d7befc-7997-4a33-8dd9-b71ada885032', now() - interval '61 day', 'a071fa9d-d19f-493b-bb7e-e77aac0eb917', '', 4);
INSERT INTO vote (id, voting_id, created_at, created_by, comment, score) VALUES ('2752f015-521e-4f77-b701-2cac5cec88a4', '01d7befc-7997-4a33-8dd9-b71ada885032', now() - interval '61 day', NULL, 'Quisquam velit dolor dolore numquam est quiquia velit.', 1);
INSERT INTO vote (id, voting_id, created_at, created_by, comment, score) VALUES ('70a0665b-4b3b-4a9f-acf0-fd89ca297bbd', '01d7befc-7997-4a33-8dd9-b71ada885032', now() - interval '61 day', 'e5d0d6c1-1691-4a61-9ccd-99f9c35ab8fb', '', 3);
INSERT INTO vote (id, voting_id, created_at, created_by, comment, score) VALUES ('ac57cb06-98cd-4cec-9642-88cc4d1f97de', '01d7befc-7997-4a33-8dd9-b71ada885032', now() - interval '61 day', '28f4ead5-0c4f-4f92-bcba-659ce89a61bd', 'Sed est aliquam ut porro.', 3);

INSERT INTO voting (id, group_id, voting_stats_id, created_at, created_by, expired) VALUES ('2999f635-c3cf-4269-9f45-873aecb4324c', 'd5847624-4b50-4d4a-abd3-ed9209a5448b', 'd7cd8904-ff38-41b4-af92-b0eec0efd125', now() - interval '62 day', 'd0183ab5-58d9-4e5e-873a-840d6b18f38c', true);
INSERT INTO voting_stats (id, voting_id, created_at, average) VALUES ('d7cd8904-ff38-41b4-af92-b0eec0efd125', '2999f635-c3cf-4269-9f45-873aecb4324c', now(), 2.66);
INSERT INTO vote (id, voting_id, created_at, created_by, comment, score) VALUES ('373979d7-4dce-4cb0-a7c5-66c5db3568a7', '2999f635-c3cf-4269-9f45-873aecb4324c', now() - interval '62 day', 'd0183ab5-58d9-4e5e-873a-840d6b18f38c', 'Modi consectetur eius sit.', 2);
INSERT INTO vote (id, voting_id, created_at, created_by, comment, score) VALUES ('aae3ba67-e65b-4569-b901-09afc4811598', '2999f635-c3cf-4269-9f45-873aecb4324c', now() - interval '62 day', '3465094c-5545-4007-a7bc-da2b1a88d9dc', 'Sed tempora magnam velit quaerat.', 5);
INSERT INTO vote (id, voting_id, created_at, created_by, comment, score) VALUES ('12b14330-8483-438a-a2e8-263a16a779f9', '2999f635-c3cf-4269-9f45-873aecb4324c', now() - interval '62 day', 'a071fa9d-d19f-493b-bb7e-e77aac0eb917', 'Modi modi labore non non neque voluptatem.', 1);
INSERT INTO vote (id, voting_id, created_at, created_by, comment, score) VALUES ('a73aa1d8-2651-416c-8a6a-1877a89b29fc', '2999f635-c3cf-4269-9f45-873aecb4324c', now() - interval '62 day', 'c87f5c9d-0b8c-4673-80bb-600e8c61e33c', '', 2);
INSERT INTO vote (id, voting_id, created_at, created_by, comment, score) VALUES ('f25679e0-089b-42a6-9b57-c923fd5d6d11', '2999f635-c3cf-4269-9f45-873aecb4324c', now() - interval '62 day', 'e5d0d6c1-1691-4a61-9ccd-99f9c35ab8fb', 'Ut ipsum eius sit sed non.', 3);
INSERT INTO vote (id, voting_id, created_at, created_by, comment, score) VALUES ('1c5474de-38be-4455-9c2c-73837267628d', '2999f635-c3cf-4269-9f45-873aecb4324c', now() - interval '62 day', '28f4ead5-0c4f-4f92-bcba-659ce89a61bd', 'Ipsum quisquam etincidunt quiquia voluptatem numquam.', 3);

INSERT INTO voting (id, group_id, voting_stats_id, created_at, created_by, expired) VALUES ('1c06edd4-2c2b-4075-9d70-53c736369682', 'd5847624-4b50-4d4a-abd3-ed9209a5448b', 'e0391e38-ac86-4599-b50d-7200198e4269', now() - interval '63 day', 'd0183ab5-58d9-4e5e-873a-840d6b18f38c', true);
INSERT INTO voting_stats (id, voting_id, created_at, average) VALUES ('e0391e38-ac86-4599-b50d-7200198e4269', '1c06edd4-2c2b-4075-9d70-53c736369682', now(), 2.83);
INSERT INTO vote (id, voting_id, created_at, created_by, comment, score) VALUES ('d46de044-b74b-46ab-ad60-c783e483e95b', '1c06edd4-2c2b-4075-9d70-53c736369682', now() - interval '63 day', 'd0183ab5-58d9-4e5e-873a-840d6b18f38c', 'Labore tempora dolore consectetur quiquia modi porro consectetur.', 1);
INSERT INTO vote (id, voting_id, created_at, created_by, comment, score) VALUES ('b4c07c2c-ef30-4b6b-949f-85f9940a94d1', '1c06edd4-2c2b-4075-9d70-53c736369682', now() - interval '63 day', '3465094c-5545-4007-a7bc-da2b1a88d9dc', 'Dolorem est est amet sed porro est.', 5);
INSERT INTO vote (id, voting_id, created_at, created_by, comment, score) VALUES ('e66c1361-2023-4727-9cc5-b194856cce88', '1c06edd4-2c2b-4075-9d70-53c736369682', now() - interval '63 day', 'a071fa9d-d19f-493b-bb7e-e77aac0eb917', '', 5);
INSERT INTO vote (id, voting_id, created_at, created_by, comment, score) VALUES ('2b612230-7533-4dc2-9c1c-af57172d2fef', '1c06edd4-2c2b-4075-9d70-53c736369682', now() - interval '63 day', 'c87f5c9d-0b8c-4673-80bb-600e8c61e33c', 'Numquam dolorem tempora quisquam magnam est ut.', 2);
INSERT INTO vote (id, voting_id, created_at, created_by, comment, score) VALUES ('d9351b7b-d4c5-4bfe-8072-4231451a83c7', '1c06edd4-2c2b-4075-9d70-53c736369682', now() - interval '63 day', NULL, 'Velit sed sed dolor voluptatem sit quiquia magnam.', 2);
INSERT INTO vote (id, voting_id, created_at, created_by, comment, score) VALUES ('016ced40-f795-476e-9eae-64dc419f18aa', '1c06edd4-2c2b-4075-9d70-53c736369682', now() - interval '63 day', NULL, 'Velit ut dolore ipsum etincidunt porro.', 2);

INSERT INTO voting (id, group_id, voting_stats_id, created_at, created_by, expired) VALUES ('940ffcd2-36e4-424b-b7a9-0362ad9475ba', 'd5847624-4b50-4d4a-abd3-ed9209a5448b', 'e53e7225-e0fc-44af-a4d6-ed4e46ae4736', now() - interval '64 day', 'd0183ab5-58d9-4e5e-873a-840d6b18f38c', true);
INSERT INTO voting_stats (id, voting_id, created_at, average) VALUES ('e53e7225-e0fc-44af-a4d6-ed4e46ae4736', '940ffcd2-36e4-424b-b7a9-0362ad9475ba', now(), 2.66);
INSERT INTO vote (id, voting_id, created_at, created_by, comment, score) VALUES ('73191e42-c2b1-40b8-b1da-cbd2e3075b74', '940ffcd2-36e4-424b-b7a9-0362ad9475ba', now() - interval '64 day', 'd0183ab5-58d9-4e5e-873a-840d6b18f38c', '', 2);
INSERT INTO vote (id, voting_id, created_at, created_by, comment, score) VALUES ('383101b4-0c62-4395-8dae-2d6ddd14d2e5', '940ffcd2-36e4-424b-b7a9-0362ad9475ba', now() - interval '64 day', '3465094c-5545-4007-a7bc-da2b1a88d9dc', 'Magnam quaerat labore dolore amet.', 3);
INSERT INTO vote (id, voting_id, created_at, created_by, comment, score) VALUES ('30223906-f227-4339-b9ce-9ef7de585dda', '940ffcd2-36e4-424b-b7a9-0362ad9475ba', now() - interval '64 day', 'a071fa9d-d19f-493b-bb7e-e77aac0eb917', '', 1);
INSERT INTO vote (id, voting_id, created_at, created_by, comment, score) VALUES ('449de0ed-96ce-4f67-9070-7e253ce4ec33', '940ffcd2-36e4-424b-b7a9-0362ad9475ba', now() - interval '64 day', 'c87f5c9d-0b8c-4673-80bb-600e8c61e33c', 'Dolore eius eius consectetur quiquia magnam.', 5);
INSERT INTO vote (id, voting_id, created_at, created_by, comment, score) VALUES ('eb159ed1-4eaa-4f03-8a2e-bfaf7d613676', '940ffcd2-36e4-424b-b7a9-0362ad9475ba', now() - interval '64 day', NULL, 'Sit dolore eius velit magnam ipsum voluptatem quaerat.', 3);
INSERT INTO vote (id, voting_id, created_at, created_by, comment, score) VALUES ('6263f6eb-0455-48d1-896f-06fa83b0b5de', '940ffcd2-36e4-424b-b7a9-0362ad9475ba', now() - interval '64 day', '28f4ead5-0c4f-4f92-bcba-659ce89a61bd', 'Porro dolor voluptatem ipsum sed quisquam ipsum quiquia.', 2);

INSERT INTO voting (id, group_id, voting_stats_id, created_at, created_by, expired) VALUES ('c4de0bbc-7d3f-41a8-9de4-7dec8aa12716', 'd5847624-4b50-4d4a-abd3-ed9209a5448b', '8602e75a-9c02-43c7-8b21-e8fa08e4df2b', now() - interval '67 day', 'd0183ab5-58d9-4e5e-873a-840d6b18f38c', true);
INSERT INTO voting_stats (id, voting_id, created_at, average) VALUES ('8602e75a-9c02-43c7-8b21-e8fa08e4df2b', 'c4de0bbc-7d3f-41a8-9de4-7dec8aa12716', now(), 3);
INSERT INTO vote (id, voting_id, created_at, created_by, comment, score) VALUES ('d684b531-e5fd-40fc-8bcd-b30f8da0607f', 'c4de0bbc-7d3f-41a8-9de4-7dec8aa12716', now() - interval '67 day', 'd0183ab5-58d9-4e5e-873a-840d6b18f38c', '', 2);
INSERT INTO vote (id, voting_id, created_at, created_by, comment, score) VALUES ('76e90c37-8817-4305-892d-edac609cfc4f', 'c4de0bbc-7d3f-41a8-9de4-7dec8aa12716', now() - interval '67 day', NULL, 'Consectetur quisquam dolorem dolorem est eius porro modi.', 4);
INSERT INTO vote (id, voting_id, created_at, created_by, comment, score) VALUES ('d3784643-5ee4-4636-a733-5fb0536d7cdd', 'c4de0bbc-7d3f-41a8-9de4-7dec8aa12716', now() - interval '67 day', 'a071fa9d-d19f-493b-bb7e-e77aac0eb917', 'Dolore dolor dolore ipsum.', 1);
INSERT INTO vote (id, voting_id, created_at, created_by, comment, score) VALUES ('da04de50-a779-4ed2-83bd-45de055e32da', 'c4de0bbc-7d3f-41a8-9de4-7dec8aa12716', now() - interval '67 day', 'c87f5c9d-0b8c-4673-80bb-600e8c61e33c', '', 5);
INSERT INTO vote (id, voting_id, created_at, created_by, comment, score) VALUES ('80c4356b-a5f6-4860-9d58-5328602d032c', 'c4de0bbc-7d3f-41a8-9de4-7dec8aa12716', now() - interval '67 day', 'e5d0d6c1-1691-4a61-9ccd-99f9c35ab8fb', '', 2);
INSERT INTO vote (id, voting_id, created_at, created_by, comment, score) VALUES ('95f042e4-3903-4975-8785-0606efdefe1d', 'c4de0bbc-7d3f-41a8-9de4-7dec8aa12716', now() - interval '67 day', '28f4ead5-0c4f-4f92-bcba-659ce89a61bd', 'Modi numquam sed dolorem.', 4);

INSERT INTO voting (id, group_id, voting_stats_id, created_at, created_by, expired) VALUES ('35a809e7-8590-498e-9074-6ada6ab8b769', 'd5847624-4b50-4d4a-abd3-ed9209a5448b', '98e16cf0-4e6d-4e37-89cd-bdc0929df7dd', now() - interval '68 day', 'd0183ab5-58d9-4e5e-873a-840d6b18f38c', true);
INSERT INTO voting_stats (id, voting_id, created_at, average) VALUES ('98e16cf0-4e6d-4e37-89cd-bdc0929df7dd', '35a809e7-8590-498e-9074-6ada6ab8b769', now(), 2.83);
INSERT INTO vote (id, voting_id, created_at, created_by, comment, score) VALUES ('009b792a-4d48-4add-8223-74570b563a21', '35a809e7-8590-498e-9074-6ada6ab8b769', now() - interval '68 day', 'd0183ab5-58d9-4e5e-873a-840d6b18f38c', 'Non neque porro quaerat neque.', 5);
INSERT INTO vote (id, voting_id, created_at, created_by, comment, score) VALUES ('76fd9bcb-5f0a-41d9-baec-1f61b5b8d1bd', '35a809e7-8590-498e-9074-6ada6ab8b769', now() - interval '68 day', '3465094c-5545-4007-a7bc-da2b1a88d9dc', 'Dolor labore eius consectetur magnam dolor sed.', 1);
INSERT INTO vote (id, voting_id, created_at, created_by, comment, score) VALUES ('790a6a43-e64d-46ed-9e3d-0e59dbeeee0c', '35a809e7-8590-498e-9074-6ada6ab8b769', now() - interval '68 day', NULL, 'Dolor quiquia dolore consectetur consectetur sed.', 4);
INSERT INTO vote (id, voting_id, created_at, created_by, comment, score) VALUES ('3fa2e395-9156-457e-b93e-35a21d4242c3', '35a809e7-8590-498e-9074-6ada6ab8b769', now() - interval '68 day', 'c87f5c9d-0b8c-4673-80bb-600e8c61e33c', 'Voluptatem amet velit eius quisquam.', 3);
INSERT INTO vote (id, voting_id, created_at, created_by, comment, score) VALUES ('819e1e83-620f-4bcc-8bcf-98b0a0b86081', '35a809e7-8590-498e-9074-6ada6ab8b769', now() - interval '68 day', 'e5d0d6c1-1691-4a61-9ccd-99f9c35ab8fb', 'Dolore labore ipsum magnam quiquia modi dolorem.', 2);
INSERT INTO vote (id, voting_id, created_at, created_by, comment, score) VALUES ('f45bf95a-3a73-4af1-a4e2-96778528479f', '35a809e7-8590-498e-9074-6ada6ab8b769', now() - interval '68 day', '28f4ead5-0c4f-4f92-bcba-659ce89a61bd', 'Dolore dolor est etincidunt.', 2);

INSERT INTO voting (id, group_id, voting_stats_id, created_at, created_by, expired) VALUES ('7021c60e-6665-4ce7-a646-c52d58bce72b', 'd5847624-4b50-4d4a-abd3-ed9209a5448b', '3c1be9e8-dd4b-4c0f-98be-5d2693959de0', now() - interval '69 day', 'd0183ab5-58d9-4e5e-873a-840d6b18f38c', true);
INSERT INTO voting_stats (id, voting_id, created_at, average) VALUES ('3c1be9e8-dd4b-4c0f-98be-5d2693959de0', '7021c60e-6665-4ce7-a646-c52d58bce72b', now(), 3);
INSERT INTO vote (id, voting_id, created_at, created_by, comment, score) VALUES ('e7fb6563-34bf-4be5-a0e4-769ea3f8b62e', '7021c60e-6665-4ce7-a646-c52d58bce72b', now() - interval '69 day', NULL, 'Amet aliquam tempora labore dolor magnam magnam.', 1);
INSERT INTO vote (id, voting_id, created_at, created_by, comment, score) VALUES ('95098868-575e-4986-9f2b-165856c8a40b', '7021c60e-6665-4ce7-a646-c52d58bce72b', now() - interval '69 day', '3465094c-5545-4007-a7bc-da2b1a88d9dc', 'Quaerat dolor consectetur amet numquam dolore consectetur.', 4);
INSERT INTO vote (id, voting_id, created_at, created_by, comment, score) VALUES ('10efcd03-3158-4fff-9920-ff8027faea84', '7021c60e-6665-4ce7-a646-c52d58bce72b', now() - interval '69 day', 'a071fa9d-d19f-493b-bb7e-e77aac0eb917', 'Sed etincidunt amet ut eius ipsum labore porro.', 3);
INSERT INTO vote (id, voting_id, created_at, created_by, comment, score) VALUES ('8d7c714d-bb88-404d-a286-e5f78f0429e4', '7021c60e-6665-4ce7-a646-c52d58bce72b', now() - interval '69 day', 'c87f5c9d-0b8c-4673-80bb-600e8c61e33c', 'Dolorem consectetur quisquam neque adipisci.', 3);
INSERT INTO vote (id, voting_id, created_at, created_by, comment, score) VALUES ('7ebde30d-6b68-440a-b96d-efde16fdadc1', '7021c60e-6665-4ce7-a646-c52d58bce72b', now() - interval '69 day', 'e5d0d6c1-1691-4a61-9ccd-99f9c35ab8fb', 'Porro quiquia adipisci est ut est.', 2);
INSERT INTO vote (id, voting_id, created_at, created_by, comment, score) VALUES ('c7d4ec6a-0ec8-46c0-930a-52c0c39b16b0', '7021c60e-6665-4ce7-a646-c52d58bce72b', now() - interval '69 day', '28f4ead5-0c4f-4f92-bcba-659ce89a61bd', 'Quaerat est dolore ipsum sit ipsum quiquia voluptatem.', 5);

INSERT INTO voting (id, group_id, voting_stats_id, created_at, created_by, expired) VALUES ('3e63da00-b63d-42df-8de0-1b0e14e43102', 'd5847624-4b50-4d4a-abd3-ed9209a5448b', 'fb2e91aa-8169-48a7-9621-227a4b1eeba9', now() - interval '70 day', 'd0183ab5-58d9-4e5e-873a-840d6b18f38c', true);
INSERT INTO voting_stats (id, voting_id, created_at, average) VALUES ('fb2e91aa-8169-48a7-9621-227a4b1eeba9', '3e63da00-b63d-42df-8de0-1b0e14e43102', now(), 3.5);
INSERT INTO vote (id, voting_id, created_at, created_by, comment, score) VALUES ('fe9461f4-9cda-4723-be0a-e029dd6ac14f', '3e63da00-b63d-42df-8de0-1b0e14e43102', now() - interval '70 day', 'd0183ab5-58d9-4e5e-873a-840d6b18f38c', 'Sit etincidunt dolorem consectetur quisquam sed.', 2);
INSERT INTO vote (id, voting_id, created_at, created_by, comment, score) VALUES ('df75348b-4705-47c3-b050-ac058c2deb35', '3e63da00-b63d-42df-8de0-1b0e14e43102', now() - interval '70 day', '3465094c-5545-4007-a7bc-da2b1a88d9dc', 'Adipisci ipsum adipisci ipsum sed porro etincidunt numquam.', 5);
INSERT INTO vote (id, voting_id, created_at, created_by, comment, score) VALUES ('37756148-aa87-4524-a0fd-8816db7fd926', '3e63da00-b63d-42df-8de0-1b0e14e43102', now() - interval '70 day', 'a071fa9d-d19f-493b-bb7e-e77aac0eb917', 'Tempora dolore quaerat dolorem non.', 4);
INSERT INTO vote (id, voting_id, created_at, created_by, comment, score) VALUES ('ad956961-bad7-402a-bcc0-48aa27c208af', '3e63da00-b63d-42df-8de0-1b0e14e43102', now() - interval '70 day', 'c87f5c9d-0b8c-4673-80bb-600e8c61e33c', 'Non numquam aliquam sit.', 5);
INSERT INTO vote (id, voting_id, created_at, created_by, comment, score) VALUES ('905052e5-f45e-4e75-9a96-c9f95909fc36', '3e63da00-b63d-42df-8de0-1b0e14e43102', now() - interval '70 day', NULL, 'Est porro sed quaerat porro modi.', 2);
INSERT INTO vote (id, voting_id, created_at, created_by, comment, score) VALUES ('ab323074-ce9c-4b66-9354-9ff47590b91d', '3e63da00-b63d-42df-8de0-1b0e14e43102', now() - interval '70 day', '28f4ead5-0c4f-4f92-bcba-659ce89a61bd', 'Etincidunt quisquam labore dolor adipisci.', 3);

INSERT INTO voting (id, group_id, voting_stats_id, created_at, created_by, expired) VALUES ('4c180325-6b7e-4295-8b3c-b8849b1e128a', 'd5847624-4b50-4d4a-abd3-ed9209a5448b', '087539aa-534c-4ba8-a4ba-84f19cabb2cc', now() - interval '71 day', 'd0183ab5-58d9-4e5e-873a-840d6b18f38c', true);
INSERT INTO voting_stats (id, voting_id, created_at, average) VALUES ('087539aa-534c-4ba8-a4ba-84f19cabb2cc', '4c180325-6b7e-4295-8b3c-b8849b1e128a', now(), 2.16);
INSERT INTO vote (id, voting_id, created_at, created_by, comment, score) VALUES ('f9c51a5a-871e-4353-b1b5-f707aad1d61d', '4c180325-6b7e-4295-8b3c-b8849b1e128a', now() - interval '71 day', NULL, '', 3);
INSERT INTO vote (id, voting_id, created_at, created_by, comment, score) VALUES ('83adf2ac-7abe-42a8-9aca-845e586d29b2', '4c180325-6b7e-4295-8b3c-b8849b1e128a', now() - interval '71 day', NULL, 'Aliquam dolore consectetur modi eius quisquam aliquam eius.', 1);
INSERT INTO vote (id, voting_id, created_at, created_by, comment, score) VALUES ('ef398e5c-d038-4b44-950b-6bde505700db', '4c180325-6b7e-4295-8b3c-b8849b1e128a', now() - interval '71 day', 'a071fa9d-d19f-493b-bb7e-e77aac0eb917', 'Ut porro neque quisquam quaerat tempora.', 3);
INSERT INTO vote (id, voting_id, created_at, created_by, comment, score) VALUES ('2f1debe4-da5d-4ae7-8b2e-94debae70f79', '4c180325-6b7e-4295-8b3c-b8849b1e128a', now() - interval '71 day', 'c87f5c9d-0b8c-4673-80bb-600e8c61e33c', 'Numquam velit aliquam magnam eius velit porro magnam.', 3);
INSERT INTO vote (id, voting_id, created_at, created_by, comment, score) VALUES ('7d5c85c9-be4b-4c6f-af8b-e2a91fb5bbfe', '4c180325-6b7e-4295-8b3c-b8849b1e128a', now() - interval '71 day', 'e5d0d6c1-1691-4a61-9ccd-99f9c35ab8fb', '', 2);
INSERT INTO vote (id, voting_id, created_at, created_by, comment, score) VALUES ('b12a9d9d-be4c-43c6-8f8d-6e315f243e7b', '4c180325-6b7e-4295-8b3c-b8849b1e128a', now() - interval '71 day', '28f4ead5-0c4f-4f92-bcba-659ce89a61bd', '', 1);

INSERT INTO voting (id, group_id, voting_stats_id, created_at, created_by, expired) VALUES ('4491a8bb-1073-4ca0-b79a-28c6b1a0edd4', 'd5847624-4b50-4d4a-abd3-ed9209a5448b', '0e590c3a-3de2-424e-8509-85bff78d09c0', now() - interval '74 day', 'd0183ab5-58d9-4e5e-873a-840d6b18f38c', true);
INSERT INTO voting_stats (id, voting_id, created_at, average) VALUES ('0e590c3a-3de2-424e-8509-85bff78d09c0', '4491a8bb-1073-4ca0-b79a-28c6b1a0edd4', now(), 3.16);
INSERT INTO vote (id, voting_id, created_at, created_by, comment, score) VALUES ('b5b73bdb-1d1b-4d23-b080-b63077b431e3', '4491a8bb-1073-4ca0-b79a-28c6b1a0edd4', now() - interval '74 day', 'd0183ab5-58d9-4e5e-873a-840d6b18f38c', '', 4);
INSERT INTO vote (id, voting_id, created_at, created_by, comment, score) VALUES ('78fbdbe9-a98c-4e00-8a6e-e44612c93529', '4491a8bb-1073-4ca0-b79a-28c6b1a0edd4', now() - interval '74 day', '3465094c-5545-4007-a7bc-da2b1a88d9dc', 'Magnam est sit dolorem porro non consectetur.', 3);
INSERT INTO vote (id, voting_id, created_at, created_by, comment, score) VALUES ('d65407eb-eda2-4bb8-b67f-c3d768f35bda', '4491a8bb-1073-4ca0-b79a-28c6b1a0edd4', now() - interval '74 day', 'a071fa9d-d19f-493b-bb7e-e77aac0eb917', '', 1);
INSERT INTO vote (id, voting_id, created_at, created_by, comment, score) VALUES ('27e9fa41-221c-4097-93d6-83f66568a793', '4491a8bb-1073-4ca0-b79a-28c6b1a0edd4', now() - interval '74 day', 'c87f5c9d-0b8c-4673-80bb-600e8c61e33c', 'Sit labore consectetur quiquia.', 4);
INSERT INTO vote (id, voting_id, created_at, created_by, comment, score) VALUES ('623d0cd0-fdb9-435c-b45d-b08d63643888', '4491a8bb-1073-4ca0-b79a-28c6b1a0edd4', now() - interval '74 day', 'e5d0d6c1-1691-4a61-9ccd-99f9c35ab8fb', '', 2);
INSERT INTO vote (id, voting_id, created_at, created_by, comment, score) VALUES ('f9579fe6-abbe-41f0-beee-6cdbafbe572d', '4491a8bb-1073-4ca0-b79a-28c6b1a0edd4', now() - interval '74 day', '28f4ead5-0c4f-4f92-bcba-659ce89a61bd', 'Neque sit neque dolorem.', 5);

INSERT INTO voting (id, group_id, voting_stats_id, created_at, created_by, expired) VALUES ('998d7dbb-f5aa-4be5-bf7c-2bd1d1312011', 'd5847624-4b50-4d4a-abd3-ed9209a5448b', '45a0521d-15f2-4b27-b461-466a6e3d240d', now() - interval '75 day', 'd0183ab5-58d9-4e5e-873a-840d6b18f38c', true);
INSERT INTO voting_stats (id, voting_id, created_at, average) VALUES ('45a0521d-15f2-4b27-b461-466a6e3d240d', '998d7dbb-f5aa-4be5-bf7c-2bd1d1312011', now(), 3.83);
INSERT INTO vote (id, voting_id, created_at, created_by, comment, score) VALUES ('8d6eff7c-5a60-4f56-bc04-bf6c26258b32', '998d7dbb-f5aa-4be5-bf7c-2bd1d1312011', now() - interval '75 day', 'd0183ab5-58d9-4e5e-873a-840d6b18f38c', 'Ut quisquam dolore modi ut quiquia quiquia.', 3);
INSERT INTO vote (id, voting_id, created_at, created_by, comment, score) VALUES ('df44c5c5-483b-44f0-b057-d164d0e0c878', '998d7dbb-f5aa-4be5-bf7c-2bd1d1312011', now() - interval '75 day', '3465094c-5545-4007-a7bc-da2b1a88d9dc', '', 5);
INSERT INTO vote (id, voting_id, created_at, created_by, comment, score) VALUES ('b44480fe-e37b-42f0-85d1-9788f55f6e77', '998d7dbb-f5aa-4be5-bf7c-2bd1d1312011', now() - interval '75 day', 'a071fa9d-d19f-493b-bb7e-e77aac0eb917', '', 4);
INSERT INTO vote (id, voting_id, created_at, created_by, comment, score) VALUES ('39eae22f-862b-4069-aeae-36dab1fbd0c8', '998d7dbb-f5aa-4be5-bf7c-2bd1d1312011', now() - interval '75 day', 'c87f5c9d-0b8c-4673-80bb-600e8c61e33c', '', 4);
INSERT INTO vote (id, voting_id, created_at, created_by, comment, score) VALUES ('ef2dc2f1-0ddf-4e78-885f-16abe2f082aa', '998d7dbb-f5aa-4be5-bf7c-2bd1d1312011', now() - interval '75 day', 'e5d0d6c1-1691-4a61-9ccd-99f9c35ab8fb', 'Non porro neque non.', 5);
INSERT INTO vote (id, voting_id, created_at, created_by, comment, score) VALUES ('4dd271a8-d08d-4cf8-a8b1-eef0507b91b2', '998d7dbb-f5aa-4be5-bf7c-2bd1d1312011', now() - interval '75 day', '28f4ead5-0c4f-4f92-bcba-659ce89a61bd', 'Magnam dolorem quaerat modi voluptatem.', 2);

INSERT INTO voting (id, group_id, voting_stats_id, created_at, created_by, expired) VALUES ('350226d4-96f5-471b-885e-a65873a23ce6', 'd5847624-4b50-4d4a-abd3-ed9209a5448b', '1b98acc0-69cb-459b-b68a-2c53722ac86f', now() - interval '76 day', 'd0183ab5-58d9-4e5e-873a-840d6b18f38c', true);
INSERT INTO voting_stats (id, voting_id, created_at, average) VALUES ('1b98acc0-69cb-459b-b68a-2c53722ac86f', '350226d4-96f5-471b-885e-a65873a23ce6', now(), 3);
INSERT INTO vote (id, voting_id, created_at, created_by, comment, score) VALUES ('50e1325f-bf39-49e5-9194-e82b498c9ad2', '350226d4-96f5-471b-885e-a65873a23ce6', now() - interval '76 day', 'd0183ab5-58d9-4e5e-873a-840d6b18f38c', 'Ut numquam dolorem tempora voluptatem.', 5);
INSERT INTO vote (id, voting_id, created_at, created_by, comment, score) VALUES ('88557e54-1ee7-4f8a-9c92-d64b946b6787', '350226d4-96f5-471b-885e-a65873a23ce6', now() - interval '76 day', '3465094c-5545-4007-a7bc-da2b1a88d9dc', 'Voluptatem quisquam numquam adipisci.', 3);
INSERT INTO vote (id, voting_id, created_at, created_by, comment, score) VALUES ('3dc37d0b-d784-4125-aab0-db3d459bc9dd', '350226d4-96f5-471b-885e-a65873a23ce6', now() - interval '76 day', 'a071fa9d-d19f-493b-bb7e-e77aac0eb917', '', 5);
INSERT INTO vote (id, voting_id, created_at, created_by, comment, score) VALUES ('aa3fafa9-15a7-4696-b8ee-52e712f6cc83', '350226d4-96f5-471b-885e-a65873a23ce6', now() - interval '76 day', NULL, 'Dolor eius numquam etincidunt porro dolor etincidunt labore.', 2);
INSERT INTO vote (id, voting_id, created_at, created_by, comment, score) VALUES ('74004f7f-7db8-4adf-8a7c-5916188b3719', '350226d4-96f5-471b-885e-a65873a23ce6', now() - interval '76 day', 'e5d0d6c1-1691-4a61-9ccd-99f9c35ab8fb', '', 2);
INSERT INTO vote (id, voting_id, created_at, created_by, comment, score) VALUES ('1fddd3b5-630c-476a-907a-098202a2a72d', '350226d4-96f5-471b-885e-a65873a23ce6', now() - interval '76 day', NULL, 'Voluptatem sed adipisci quisquam dolore dolorem neque.', 1);

INSERT INTO voting (id, group_id, voting_stats_id, created_at, created_by, expired) VALUES ('a963ad57-048f-42e0-8d65-6cb3f964b991', 'd5847624-4b50-4d4a-abd3-ed9209a5448b', 'cf6990f5-8e5a-4c64-88d4-cc431bc4adae', now() - interval '77 day', 'd0183ab5-58d9-4e5e-873a-840d6b18f38c', true);
INSERT INTO voting_stats (id, voting_id, created_at, average) VALUES ('cf6990f5-8e5a-4c64-88d4-cc431bc4adae', 'a963ad57-048f-42e0-8d65-6cb3f964b991', now(), 3.16);
INSERT INTO vote (id, voting_id, created_at, created_by, comment, score) VALUES ('9cb7388c-daeb-4745-92d9-b83e56082c89', 'a963ad57-048f-42e0-8d65-6cb3f964b991', now() - interval '77 day', 'd0183ab5-58d9-4e5e-873a-840d6b18f38c', 'Adipisci eius adipisci quisquam non numquam velit non.', 5);
INSERT INTO vote (id, voting_id, created_at, created_by, comment, score) VALUES ('03ce5841-8e49-4f13-8760-79880c691276', 'a963ad57-048f-42e0-8d65-6cb3f964b991', now() - interval '77 day', '3465094c-5545-4007-a7bc-da2b1a88d9dc', 'Tempora sit sed sit etincidunt neque magnam.', 3);
INSERT INTO vote (id, voting_id, created_at, created_by, comment, score) VALUES ('11dd6b33-8092-497b-a17a-204e12d3add3', 'a963ad57-048f-42e0-8d65-6cb3f964b991', now() - interval '77 day', 'a071fa9d-d19f-493b-bb7e-e77aac0eb917', 'Quaerat quiquia dolore quaerat adipisci.', 3);
INSERT INTO vote (id, voting_id, created_at, created_by, comment, score) VALUES ('06e6d966-93aa-4567-bc99-196d0e9990eb', 'a963ad57-048f-42e0-8d65-6cb3f964b991', now() - interval '77 day', 'c87f5c9d-0b8c-4673-80bb-600e8c61e33c', 'Neque aliquam est magnam labore est dolore.', 4);
INSERT INTO vote (id, voting_id, created_at, created_by, comment, score) VALUES ('38154917-2cd3-4eee-a385-aa8b6cfe2b4e', 'a963ad57-048f-42e0-8d65-6cb3f964b991', now() - interval '77 day', 'e5d0d6c1-1691-4a61-9ccd-99f9c35ab8fb', '', 2);
INSERT INTO vote (id, voting_id, created_at, created_by, comment, score) VALUES ('ff365b5e-85b7-47d4-9242-142c4dc13396', 'a963ad57-048f-42e0-8d65-6cb3f964b991', now() - interval '77 day', '28f4ead5-0c4f-4f92-bcba-659ce89a61bd', 'Quiquia voluptatem aliquam est.', 2);

INSERT INTO voting (id, group_id, voting_stats_id, created_at, created_by, expired) VALUES ('22c24745-4d98-4296-956b-58513d30d3b1', 'd5847624-4b50-4d4a-abd3-ed9209a5448b', 'd5edb5bb-a589-471f-b43d-aaeee79fef2c', now() - interval '78 day', 'd0183ab5-58d9-4e5e-873a-840d6b18f38c', true);
INSERT INTO voting_stats (id, voting_id, created_at, average) VALUES ('d5edb5bb-a589-471f-b43d-aaeee79fef2c', '22c24745-4d98-4296-956b-58513d30d3b1', now(), 3.66);
INSERT INTO vote (id, voting_id, created_at, created_by, comment, score) VALUES ('e7e5e535-937b-4f9b-a548-4ed7daeed399', '22c24745-4d98-4296-956b-58513d30d3b1', now() - interval '78 day', 'd0183ab5-58d9-4e5e-873a-840d6b18f38c', '', 5);
INSERT INTO vote (id, voting_id, created_at, created_by, comment, score) VALUES ('3b6afb85-6df7-415a-8170-aa627bb64f45', '22c24745-4d98-4296-956b-58513d30d3b1', now() - interval '78 day', NULL, 'Quisquam consectetur aliquam numquam magnam sed.', 3);
INSERT INTO vote (id, voting_id, created_at, created_by, comment, score) VALUES ('fea17c3e-4e70-491c-b115-03714df1e729', '22c24745-4d98-4296-956b-58513d30d3b1', now() - interval '78 day', NULL, 'Modi magnam adipisci neque adipisci magnam sed.', 4);
INSERT INTO vote (id, voting_id, created_at, created_by, comment, score) VALUES ('c500af69-ea97-4e50-817f-b638a8f8302d', '22c24745-4d98-4296-956b-58513d30d3b1', now() - interval '78 day', 'c87f5c9d-0b8c-4673-80bb-600e8c61e33c', 'Velit eius adipisci adipisci neque ut.', 3);
INSERT INTO vote (id, voting_id, created_at, created_by, comment, score) VALUES ('9b7df306-7d57-43b8-b5d7-38ed6780cc83', '22c24745-4d98-4296-956b-58513d30d3b1', now() - interval '78 day', 'e5d0d6c1-1691-4a61-9ccd-99f9c35ab8fb', 'Eius numquam neque quiquia adipisci neque.', 2);
INSERT INTO vote (id, voting_id, created_at, created_by, comment, score) VALUES ('e1ed5545-1dbd-4b6f-b750-053bffc876ea', '22c24745-4d98-4296-956b-58513d30d3b1', now() - interval '78 day', '28f4ead5-0c4f-4f92-bcba-659ce89a61bd', 'Modi non eius sit est quisquam sit est.', 5);

