NAME,Dockerized,JVM_PARAMETERS,INPUT_PARAMETERS,SWAGGER_URL,TARGET_URL,COPY_ADDITIONAL_FILES,DEPENDS_ON,SERVICES
familie-ba-sak,TRUE,-DAZUREAD_TOKEN_ENDPOINT_URL=http://fake-azure-token-endpoint.no:8080 -DAZURE_OPENID_CONFIG_TOKEN_ENDPOINT=bar -DAZURE_APP_CLIENT_ID=bar -DNAIS_APP_NAME=bar -DUNLEASH_SERVER_API_URL=http://fake-unleash-server-api.no:8080 -DUNLEASH_SERVER_API_TOKEN=bar -DBA_SAK_CLIENT_ID=some-audience,--server.port=8080 --spring.profiles.active=dev --management.server.port=-1 --server.ssl.enabled=false --spring.datasource.url=jdbc:postgresql://db:5432/familiebasak --spring.datasource.username=postgres --spring.datasource.password=password --sentry.logging.enabled=false --sentry.environment=local --funksjonsbrytere.kafka.producer.enabled=false --funksjonsbrytere.enabled=false --logging.level.root=OFF --logging.config=classpath:logback-spring.xml --logging.level.org.springframework=INFO --no.nav.security.jwt.issuer.azuread.discoveryurl=http://mock-oauth2-server:${AUTH_PORT:-8081}/azuread/.well-known/openid-configuration --prosessering.rolle=928636f4-fd0d-4149-978e-a6fb68bb19de --FAMILIE_EF_SAK_API_URL=http://fake-familie-ef-sak/api --FAMILIE_KLAGE_URL=http://fake-familie-klage --FAMILIE_BREV_API_URL=http://fake-familie-brev --FAMILIE_BA_INFOTRYGD_FEED_API_URL=http://fake-familie-ba-infotrygd-feed/api --FAMILIE_BA_INFOTRYGD_API_URL=http://fake-familie-ba-infotrygd --FAMILIE_TILBAKE_API_URL=http://fake-familie-tilbake/api --PDL_URL=http://fake-pdl-api.default --FAMILIE_INTEGRASJONER_API_URL=http://fake-familie-integrasjoner/api --FAMILIE_OPPDRAG_API_URL=http://fake-familie-oppdrag/api --SANITY_FAMILIE_API_URL=http://fake-xsrv1mh6.apicdn.sanity.io/v2021-06-07/data/query/ba-brev --ECB_API_URL=http://fake-data-api.ecb.europa.eu/service/data/EXR/ --rolle.veileder=93a26831-9866-4410-927b-74ff51a9107c --rolle.saksbehandler=d21e00a4-969d-4b28-8782-dc818abfae65 --rolle.beslutter=9449c153-5a1e-44a7-84c6-7cc7a8867233 --rolle.forvalter=c62e908a-cf20-4ad0-b7b3-3ff6ca4bf38b --rolle.kode6=5ef775f2-61f8-4283-bf3d-8d03f428aa14 --rolle.kode7=ea930b6b-9397-44d9-b9e6-f4cf527a632a,http://localhost:8080/v3/api-docs,http://localhost:8080,FALSE,"","[{""image_name"": ""postgres:13.13"", ""tmp_fs"": ""/var/lib/postgresql/data"", ""environment"": ""POSTGRES_PASSWORD: password;POSTGRES_HOST_AUTH_METHOD: trust;POSTGRES_DB: familiebasak"", ""volume"": """", ""health_check_command"": """"},{""name"":""mock-oauth2-server"",""image_name"": ""ghcr.io/navikt/mock-oauth2-server:2.0.1"", ""tmp_fs"": """", ""environment"": ""LOG_LEVEL: verbose;SERVER_PORT: ${AUTH_PORT:-8081};JSON_CONFIG_PATH: /app/mockoauth2.json"", ""volume"": ""../scripts/dockerize/data/additional_files/familie-ba-sak/mockoauth2.json:/app/mockoauth2.json"", ""port"": ""${AUTH_PORT:-8081}:${AUTH_PORT:-8081}"", ""health_check_command"": """"}]"
pay-publicapi,TRUE,-Ddw.server.applicationConnectors[0].port=8080 -Ddw.server.adminConnectors[0].port=0 -Ddw.redis.endpoint=db:6379,server em_config.yaml,http://localhost:8080/assets/swagger.json,http://localhost:8080,TRUE,"","[{""image_name"": ""redis:7.2.3"", ""tmp_fs"": """", ""environment"": """", ""volume"": """", ""health_check_command"": """"}]"
session-service,TRUE,"",--server.port=8080 --spring.data.mongodb.uri=mongodb://db:27017/mongo_db --spring.cache.type=NONE,http://localhost:8080/v2/api-docs,http://localhost:8080,FALSE,"","[{""image_name"": ""mongo:6.0"", ""tmp_fs"": ""/data/db"", ""environment"": """", ""volume"": """", ""health_check_command"": """"}]"
bibliothek,TRUE,"",--server.port=8080 --databaseUrl=mongodb://db:27017/mongo_db --spring.data.mongodb.uri=mongodb://db:27017/mongo_db --app.storagePath=./tmp/bibliothek/,http://localhost:8080/openapi,http://localhost:8080,FALSE,"","[{""image_name"": ""mongo:6"", ""tmp_fs"": ""/data/db"", ""environment"": """", ""volume"": """", ""health_check_command"": """"}]"
reservations-api,TRUE,-Dfile.encoding=ISO-8859-1,--server.port=8080 --databaseUrl=mongodb://db:27017/mongo_db --spring.data.mongodb.uri=mongodb://db:27017/mongo_db --app.jwt.secret=abcdef012345678901234567890123456789abcdef012345678901234567890123456789,http://localhost:8080/v3/api-docs,http://localhost:8080,FALSE,"","[{""image_name"": ""mongo:4.4"", ""tmp_fs"": ""/data/db"", ""environment"": """", ""command"": ""mongod --replSet rs0 --bind_ip_all"", ""volume"": ""../scripts/dockerize/data/additional_files/reservations-api/mongo-init.js:/docker-entrypoint-initdb.d/01-init-replica.js;../scripts/dockerize/data/additional_files/reservations-api/mongo_import.sh:/docker-entrypoint-initdb.d/mongo_import.sh;../scripts/dockerize/data/additional_files/reservations-api/init.json:/fixtures/init.json"", ""health_check_command"": """"}]"
catwatch,TRUE,-Dserver.port=8080 -Dspring.datasource.url=jdbc:h2:mem:testdb -Dspring.jpa.database-platform=org.hibernate.dialect.H2Dialect -Dspring.datasource.username=sa -Dspring.datasource.password,"",http://localhost:8080/v2/api-docs,http://localhost:8080,FALSE,"",
cwa-verification,TRUE,-Dspring.datasource.url=jdbc:h2:mem:testdb -Dspring.datasource.driver-class-name=org.h2.Driver -Dspring.datasource.username=sa -Dspring.datasource.password,"--server.port=8080 --spring.profiles.active=local,external,internal --management.server.port=-1 --server.ssl.enabled=false --cwa-testresult-server.url=http://cwa-testresult-server:8088",http://localhost:8080/api-docs.json,http://localhost:8080,FALSE,"",
features-service,TRUE,-Dspring.datasource.url=jdbc:h2:mem:testdb -Dspring.jpa.database-platform=org.hibernate.dialect.H2Dialect -Dspring.datasource.username=sa -Dspring.datasource.password,--server.port=8080,http://localhost:8080/swagger.json,http://localhost:8080,FALSE,"",
gestaohospital,TRUE,"",--server.port=8080 --liquibase.enabled=false --spring.data.mongodb.uri=mongodb://db:27017/mongo_db --spring.datasource.username=sa --spring.datasource.password --dg-toolkit.derby.port=0 --spring.cache.type=NONE,http://localhost:8080/v2/api-docs,http://localhost:8080,FALSE,"","[{""image_name"": ""mongo:6"", ""tmp_fs"": ""/data/db"", ""environment"": """", ""volume"": """", ""health_check_command"": """"}]"
languagetool,TRUE,"",--port 8080 --public,http://localhost:8080/v2/swagger,http://localhost:8080,FALSE,"",
ocvn,TRUE,-Dliquibase.enabled=false -Dspring.data.mongodb.uri=mongodb://db:27017/mongo_db -Dspring.datasource.url=jdbc:h2:mem:testdb -Dspring.datasource.driver-class-name=org.h2.Driver -Dspring.jpa.database-platform=org.hibernate.dialect.H2Dialect -Dspring.jpa.properties.hibernate.enable_lazy_load_no_trans=true -Dspring.datasource.username=sa -Dspring.datasource.password -Ddg-toolkit.derby.port=0 -Dspring.cache.type=NONE -Dspring.datasource.data=file:./init_db.sql,--server.port=8080,http://localhost:8080/v2/api-docs?group=1ocDashboardsApi,http://localhost:8080,TRUE,"","[{""image_name"": ""mongo:3.2"", ""tmp_fs"": ""/data/db"", ""environment"": """", ""volume"": """", ""health_check_command"": """"}]"
proxyprint,TRUE,-Dspring.datasource.url=jdbc:h2:mem:testdb -Dspring.jpa.database-platform=org.hibernate.dialect.H2Dialect -Dspring.datasource.username=sa -Dspring.datasource.password -Dspring.jpa.show-sql=false -Dspring.jpa.hibernate.ddl-auto=create-drop -Xmx4G,--server.port=8080,http://localhost:8080/v2/api-docs,http://localhost:8080,FALSE,"",
rest-ncs,TRUE,"",--server.port=8080,http://localhost:8080/v2/api-docs,http://localhost:8080,FALSE,"",
rest-news,TRUE,"",--server.port=8080,http://localhost:8080/v2/api-docs,http://localhost:8080,FALSE,"",
rest-scs,TRUE,"",--server.port=8080,http://localhost:8080/v2/api-docs,http://localhost:8080,FALSE,"",
restcountries,TRUE,"",--server.port=8080,http://localhost:8080/openapi.yaml,http://localhost:8080,FALSE,"",
scout-api,TRUE,"",server scout_api_evomaster.yml,http://localhost:8080/api/swagger.json,http://localhost:8080,TRUE,"",
genome-nexus,TRUE,"",--server.port=8080 --spring.data.mongodb.uri=mongodb://db:27017/mongo_db --spring.cache.type=NONE,http://localhost:8080/v2/api-docs,http://localhost:8080,FALSE,"","[{""image_name"": ""mongo:3.6.2"", ""tmp_fs"": ""/data/db"", ""environment"": """", ""volume"": """", ""health_check_command"": """", ""platform"": ""linux/amd64""}]"
market,TRUE,"-Dspring.datasource.url=""jdbc:h2:mem:testdb;DB_CLOSE_DELAY=-1"" -Dspring.datasource.username=sa -Dspring.datasource.password",--server.port=8080,http://localhost:8080/v2/api-docs,http://localhost:8080,FALSE,"",
blogapi,TRUE,"","--server.port=8080 --spring.datasource.url=""jdbc:mysql://db:3306/blogapi?useSSL=false&serverTimezone=UTC&allowPublicKeyRetrieval=true""",http://localhost:8080/blogapi.json,http://localhost:8080,FALSE,"db","[{""image_name"": ""mysql:8.0"", ""tmp_fs"": ""/var/lib/mysql"", ""environment"": ""MYSQL_ROOT_PASSWORD: root;MYSQL_DATABASE: blogapi"", ""volume"": ""../scripts/dockerize/data/additional_files/blogapi/blogapi.sql:/docker-entrypoint-initdb.d/blogapi.sql;../scripts/dockerize/data/additional_files/blogapi/data.sql:/docker-entrypoint-initdb.d/data.sql"", ""health_check_command"": [""CMD"", ""mysqladmin"", ""ping"", ""-h"", ""localhost""]}]"
user-management,TRUE,"","--server.port=8080 --spring.datasource.url=""jdbc:mysql://db:3306/users?useSSL=false&allowPublicKeyRetrieval=true""",http://localhost:8080/v2/api-docs,http://localhost:8080,FALSE,"db","[{""image_name"": ""mysql:8.0"", ""tmp_fs"": ""/var/lib/mysql"", ""environment"": ""MYSQL_ROOT_PASSWORD: root;MYSQL_DATABASE: users"", ""volume"": """", ""health_check_command"": [""CMD"", ""mysqladmin"", ""ping"", ""-h"", ""localhost""]}]"
youtube-mock,TRUE,"",--server.port=8080,http://localhost:8080/swagger.yaml,http://localhost:8080,FALSE,"",
person-controller,TRUE,"",--server.port=8080 --spring.data.mongodb.uri=mongodb://db:27017 --spring.cache.type=None,http://localhost:8080/v3/api-docs,http://localhost:8080,FALSE,"","[{""image_name"": ""mongo:7.0"", ""tmp_fs"": ""/data/db"", ""environment"": """", ""volume"": """", ""health_check_command"": """"}]"
tracking-system,TRUE,"","--server.port=8080 --spring.profiles.active=dev --spring.datasource.url=""jdbc:h2:mem:testdb;DB_CLOSE_DELAY=-1"" --spring.datasource.username=sa --spring.datasource.password",http://localhost:8080/app/v2/api-docs,http://localhost:8080,FALSE,"",
tiltaksgjennomforing,TRUE,"",--server.port=8080 --spring.profiles.active=dev-gcp-labs --spring.datasource.driverClassName=org.postgresql.Driver --spring.sql.init.platform=postgres --no.nav.security.jwt.issuer.aad.discoveryurl=http://mock-oauth2-server:${AUTH_PORT:-8081}/aad/.well-known/openid-configuration --no.nav.security.jwt.issuer.aad.accepted_audience=aad --no.nav.security.jwt.issuer.system.discoveryurl=http://mock-oauth2-server:${AUTH_PORT:-8081}/system/.well-known/openid-configuration --no.nav.security.jwt.issuer.system.accepted_audience=system --no.nav.security.jwt.issuer.tokenx.discoveryurl=http://mock-oauth2-server:${AUTH_PORT:-8081}/tokenx/.well-known/openid-configuration --no.nav.security.jwt.issuer.tokenx.accepted_audience=tokenx --management.server.port=-1 --server.ssl.enabled=false --spring.datasource.url=jdbc:postgresql://db:5432/tiltaksgjennomforing  --spring.datasource.username=postgres --spring.datasource.password=password --sentry.logging.enabled=false --sentry.environment=local --logging.level.root=OFF --logging.config=classpath:logback-spring.xml --logging.level.org.springframework=INFO,http://localhost:8080/tiltaksgjennomforing-api/v3/api-docs,http://localhost:8080,FALSE,"","[{""image_name"": ""postgres:13.13"", ""tmp_fs"": ""/var/lib/postgresql/data"", ""environment"": ""POSTGRES_PASSWORD: password;POSTGRES_HOST_AUTH_METHOD: trust;POSTGRES_DB: tiltaksgjennomforing"", ""volume"": """", ""health_check_command"": """"},{""name"":""mock-oauth2-server"",""image_name"": ""ghcr.io/navikt/mock-oauth2-server:2.0.1"", ""tmp_fs"": """", ""environment"": ""LOG_LEVEL: verbose;SERVER_PORT: ${AUTH_PORT:-8081};JSON_CONFIG_PATH: /app/mockoauth2.json"", ""volume"": ""../scripts/dockerize/data/additional_files/tiltaksgjennomforing/mockoauth2.json:/app/mockoauth2.json"", ""port"": ""${AUTH_PORT:-8081}:${AUTH_PORT:-8081}"", ""health_check_command"": """"}]"
ohsome-api,TRUE,"",--server.port=8080 --database.db=heidelberg,http:///localhost:8080/docs?group=Data%20Aggregation,http://localhost:8080,TRUE,"",
spring-batch-rest,TRUE,"",--server.port=8080 --spring.batch.job.enabled=false --lastNamePrefix= --upperCase=false,http://localhost:8080/v3/api-docs,http://localhost:8080,FALSE,"",
spring-rest-example,TRUE,"","--server.port=8080 --spring.datasource.username=root --spring.datasource.password=root --spring.datasource.url=""jdbc:mysql://db:3306/example?useSSL=false&allowPublicKeyRetrieval=true""",http://localhost:8080/v3/api-docs,http://localhost:8080,FALSE,"db","[{""image_name"": ""mysql:8.0"", ""tmp_fs"": ""/var/lib/mysql"", ""environment"": ""MYSQL_ROOT_PASSWORD: root;MYSQL_DATABASE: example"", ""volume"": """", ""health_check_command"": [""CMD"", ""mysqladmin"", ""ping"", ""-h"", ""localhost""]}]"
erc20-rest-service,TRUE,"",--server.port=8080,http://localhost:8080/v2/api-docs,http://localhost:8080,FALSE,"",
spring-actuator-demo,TRUE,"",--server.port=8080,http://localhost:8080/v3/api-docs,http://localhost:8080,FALSE,"",
webgoat,TRUE,-Drunning.in.docker=true,"--webgoat.port=8080 --webwolf.port=8081 --server.address=""0.0.0.0"" --spring.profiles.active=dev --spring.datasource.driver-class-name=org.h2.Driver --spring.jpa.properties.hibernate.dialect=org.hibernate.dialect.H2Dialect --spring.jpa.properties.jakarta.persistence.schema-generation.scripts.action=none --spring.sql.init.mode=never --spring.datasource.url=""jdbc:h2:file:./test"" --spring.datasource.username=sa --spring.datasource.password",http://localhost:8080/WebGoat/v3/api-docs,http://localhost:8080,TRUE,"",
swagger-petstore,TRUE,"",8080,http://localhost:8080/api/v3/openapi.json,http://localhost:8080,TRUE,"",
http-patch-spring,TRUE,"",--server.port=8080,http://localhost:8080/v3/api-docs,http://localhost:8080,FALSE,"",
spring-ecommerce,TRUE,-Dfile.encoding=ISO-8859-1,--server.port=8080 --spring.datasource.host=mongodb --spring.datasource.port=27017 --spring.datasource.database=test --spring.data.mongodb.uri=mongodb://mongodb:27017/test --spring.redis.host=redis --spring.redis.port=6379 --spring.data.elasticsearch.cluster-name=elasticsearch --spring.data.elasticsearch.cluster-nodes=elasticsearch:9300 --spring.elasticsearch.rest.uris=elasticsearch:9200 --spring.data.elasticsearch.host=elasticsearch --spring.data.elasticsearch.port=9300 --spring.cache.type=NONE,http://localhost:8080/v2/api-docs,http://localhost:8080,FALSE,"","[{""name"": ""mongodb"", ""image_name"": ""mongo:7.0"", ""tmp_fs"": ""/data/db"", ""environment"": ""MONGODB_REPLICA_SET_MODE: primary;ALLOW_EMPTY_PASSWORD: yes"", ""volume"": ""../scripts/dockerize/data/additional_files/spring-ecommerce/mongo_import.sh:/docker-entrypoint-initdb.d/mongo_import.sh;../scripts/dockerize/data/additional_files/spring-ecommerce/init.json:/fixtures/init.json"", ""health_check_command"": """"}, {""name"": ""redis"", ""image_name"": ""redis:7.0.11"", ""tmp_fs"": """", ""environment"": """", ""volume"": """", ""health_check_command"": """"}, {""name"": ""elasticsearch"",""image_name"": ""docker.elastic.co/elasticsearch/elasticsearch:6.8.23"", ""tmp_fs"": ""/usr/share/elasticsearch/data"", ""environment"": ""- discovery.type=single-node;- cluster.name=elasticsearch;- ES_JAVA_OPTS=-Xms512m -Xmx512m;- xpack.security.enabled=false"", ""volume"": """", ""health_check_command"": """"}]"
quartz-manager,TRUE,,--server.port=8080 --quartz-manager.security.accounts.in-memory.users[0].username=foo --quartz-manager.security.accounts.in-memory.users[0].password=bar --quartz-manager.security.accounts.in-memory.users[0].roles[0]=admin --quartz-manager.security.accounts.in-memory.users[1].username=foo2 --quartz-manager.security.accounts.in-memory.users[1].password=bar --quartz-manager.security.accounts.in-memory.users[1].roles[0]=admin,http://localhost:8080/v3/api-docs,http://localhost:8080,FALSE,"",
microcks,TRUE,-DPOSTMAN_RUNNER_URL=http://postman:3000 -DSERVICES_UPDATE_INTERVAL='0 0 0/2 * * *' -DKEYCLOAK_URL=http://keycloak:8080 -DKEYCLOAK_PUBLIC_URL=http://localhost:${AUTH_PORT:-8081} -DENABLE_CORS_POLICY=false -DCORS_REST_ALLOW_CREDENTIALS=true -DTEST_CALLBACK_URL=http://localhost:${HOST_PORT:-8080},--server.port=8080 --spring.profiles.active=prod --grpc.server.port=0 --spring.data.mongodb.uri=mongodb://mongodb:27017/test --spring.security.oauth2.resourceserver.jwt.issuer-uri=http://localhost:${AUTH_PORT:-8081}/realms/microcks --spring.security.oauth2.resourceserver.jwt.jwk-set-uri=http://keycloak:8080/realms/microcks/protocol/openid-connect/certs,http://localhost:8080/v3/api-docs,http://localhost:8080,FALSE,"","[{""name"": ""mongodb"", ""image_name"": ""mongo:7.0"", ""tmp_fs"": ""/data/db"", ""environment"": ""MONGODB_REPLICA_SET_MODE: primary;ALLOW_EMPTY_PASSWORD: yes"", ""volume"": """", ""health_check_command"": """"},{""name"": ""keycloak"",""image_name"": ""quay.io/keycloak/keycloak:26.0.0"", ""command"":[""start-dev"", ""--hostname=http://localhost:${AUTH_PORT:-8081}"", ""--import-realm"", ""--health-enabled=true""], ""port"": ""${AUTH_PORT:-8081}:8080"", ""tmp_fs"": """", ""environment"": ""KEYCLOAK_ADMIN: 'admin';KEYCLOAK_ADMIN_PASSWORD: 'admin';KC_HEALTH_ENABLED: 'true';KC_METRICS_ENABLED: 'true'"", ""volume"": ""../scripts/dockerize/data/additional_files/microcks/microcks-realm-sample.json:/opt/keycloak/data/import/microcks-realm.json"", ""health_check_command"": [""CMD"", ""sh"", ""-c"", ""echo -e 'GET /health/live HTTP/1.1\r\nHost: localhost\r\n\r\n' > /dev/tcp/localhost/9000""]},{""name"": ""postman"", ""image_name"": ""quay.io/microcks/microcks-postman-runtime:0.6.0"", ""tmp_fs"": """", ""environment"": """", ""volume"": """", ""health_check_command"": [""CMD"", ""curl"", ""-f"", ""http://localhost:3000/health""]}]"
commafeed,TRUE,"-Dquarkus.http.port=8080 -Dquarkus.datasource.db-kind=h2 -Dquarkus.datasource.jdbc.url=""jdbc:h2:mem:commafeed;DB_CLOSE_DELAY=-1"" -Dquarkus.datasource.username=sa -Dquarkus.datasource.password=sa","",http://localhost:8080/openapi?format=json,http://localhost:8080,FALSE,"",""
jasper,TRUE,,--server.port=8080 --spring.profiles.active=api-docs --spring.datasource.url=jdbc:postgresql://db:5432/jasper --spring.datasource.username=postgres --spring.datasource.password=password --spring.datasource.hikari.auto-commit=false --spring.jpa.database-platform=jasper.config.PostgreSQLDialect --springdoc.api-docs.path=/api/v3/api-docs --jasper.allow-user-tag-header=true --jasper.allow-user-role-header=true --jasper.allow-auth-headers=true,http://localhost:8080/api/v3/api-docs/jasper,http://localhost:8080,FALSE,,"[{""image_name"": ""postgres:18"", ""tmp_fs"": ""/var/lib/postgresql"", ""environment"": ""POSTGRES_PASSWORD: password;POSTGRES_HOST_AUTH_METHOD: trust;POSTGRES_DB: jasper"", ""volume"": """", ""health_check_command"": """"}]"
redis-sample,TRUE,"",--server.port=8080 --spring.data.redis.host=db --spring.data.redis.port=6379 --spring.data.redis.password=53cret --spring.autoconfigure.exclude=org.springframework.boot.security.autoconfigure.web.servlet.ServletWebSecurityAutoConfiguration --app.numberOfRatings=5000 --app.ratingStars=5,http://localhost:8080/v3/api-docs,http://localhost:8080,FALSE,"","[{""image_name"": ""redis:7.4-alpine"", ""tmp_fs"": """", ""environment"": """", ""volume"": """", ""health_check_command"": """", ""command"": ""redis-server --requirepass 53cret""}]"
adoptme,TRUE,-Xmx1G,--server.port=8080 --spring.neo4j.uri=bolt://db:7687 --spring.neo4j.authentication.username=neo4j --spring.neo4j.authentication.password=neo4j123,http://localhost:8080/v3/api-docs,http://localhost:8080,FALSE,db,"[{""image_name"": ""neo4j:5.26"", ""tmp_fs"": ""/data"", ""environment"": ""NEO4J_AUTH: neo4j/neo4j123;NEO4J_server_memory_heap_max__size: 512M;NEO4J_server_memory_pagecache_size: 256M"", ""volume"": """", ""health_check_command"": [""CMD"", ""cypher-shell"", ""-u"", ""neo4j"", ""-p"", ""neo4j123"", ""RETURN 1""]}]"
